"id","url","tags","title","nase_tagy"
"921","https://fitrecepty.info/recepty/podle-kategorie/snidane/amarantova-kase-s-bananem-921/","Kaše","Amarantová kaše s banánem ","Snídaně"
"921","https://fitrecepty.info/recepty/podle-kategorie/snidane/amarantova-kase-s-bananem-921/","Kaše","Amarantová kaše s banánem ","Kaše"
"933","https://fitrecepty.info/recepty/podle-kategorie/napoje/ananasove-smoothie-933/","Osvěžení","Ananasové smoothie","Smoothie"
"933","https://fitrecepty.info/recepty/podle-kategorie/napoje/ananasove-smoothie-933/","Smoothie","Ananasové smoothie","Snídaně"
"646","https://fitrecepty.info/recepty/podle-kategorie/zdravemlsani/ananasovy-sorbet-646/","Osvěžení","Ananasový sorbet","Dezerty"
"897","https://fitrecepty.info/recepty/podle-kategorie/svaciny/avokadova-majoneza-897/","snacky","Avokádová majonéza","Omáčky, dipy"
"603","https://fitrecepty.info/recepty/podle-kategorie/snidane/banana-vegan-smoothie-bowl-603/","Smoothie","Banana vegan smoothie bowl","Smoothie"
"603","https://fitrecepty.info/recepty/podle-kategorie/snidane/banana-vegan-smoothie-bowl-603/","Bowl","Banana vegan smoothie bowl","Snídaně"
"771","https://fitrecepty.info/recepty/podle-kategorie/zdravemlsani/bananova-zmrzlina-s-acai-a-boruvkami-771/","Osvěžení","Banánová zmrzlina s acai a borůvkami","Dezerty"
"658","https://fitrecepty.info/recepty/podle-kategorie/napoje/bananove-smoothie-s-kokosem-658/","Osvěžení","Banánové smoothie s kokosem","Smoothie"
"658","https://fitrecepty.info/recepty/podle-kategorie/napoje/bananove-smoothie-s-kokosem-658/","Smoothie","Banánové smoothie s kokosem","Snídaně"
"642","https://fitrecepty.info/recepty/podle-kategorie/napoje/bananove-smoothie-s-repou-642/","Osvěžení","Banánové smoothie s řepou","Smoothie"
"642","https://fitrecepty.info/recepty/podle-kategorie/napoje/bananove-smoothie-s-repou-642/","Smoothie","Banánové smoothie s řepou","Snídaně"
"727","https://fitrecepty.info/recepty/podle-kategorie/polevky/batatova-polevka-s-kari-727/","Pikantní","Batátová polévka s kari","Polévky"
"1145","https://fitrecepty.info/recepty/podle-kategorie/obedy-a-vecere/batatovy-falafel-1145/","Falafel","Batátový falafel","Hlavní jídla"
"1145","https://fitrecepty.info/recepty/podle-kategorie/obedy-a-vecere/batatovy-falafel-1145/","Falafel","Batátový falafel","Bezmasé"
"713","https://fitrecepty.info/recepty/podle-kategorie/napoje/boruvkove-smoothie-713/","Osvěžení","Borůvkové smoothie","Smoothie"
"713","https://fitrecepty.info/recepty/podle-kategorie/napoje/boruvkove-smoothie-713/","Smoothie","Borůvkové smoothie","Snídaně"
"1116","https://fitrecepty.info/recepty/podle-kategorie/obedy-a-vecere/bramborovy-salat-s-medvedim-cesnekem-1116/","Saláty","Bramborový salát s medvědím česnekem ","Hlavní jídla"
"1116","https://fitrecepty.info/recepty/podle-kategorie/obedy-a-vecere/bramborovy-salat-s-medvedim-cesnekem-1116/","Bramborový salát","Bramborový salát s medvědím česnekem ","Bezmasé"
"1116","https://fitrecepty.info/recepty/podle-kategorie/obedy-a-vecere/bramborovy-salat-s-medvedim-cesnekem-1116/","Brambory","Bramborový salát s medvědím česnekem ","Saláty"
"774","https://fitrecepty.info/recepty/podle-kategorie/snidane/bananove-livance-774/","Moučníky","Banánové lívance","Snídaně"
"774","https://fitrecepty.info/recepty/podle-kategorie/snidane/bananove-livance-774/","Lívance","Banánové lívance","Dezerty"
"588","https://fitrecepty.info/recepty/podle-kategorie/snidane/vajickove-muffiny-588/","Muffiny","Vajíčkové muffiny","Snídaně"
"588","https://fitrecepty.info/recepty/podle-kategorie/snidane/vajickove-muffiny-588/","snacky","Vajíčkové muffiny","Snacky"
"723","https://fitrecepty.info/recepty/podle-kategorie/snidane/ovesne-susenky-723/","snacky","Ovesné sušenky","Snacky"
"723","https://fitrecepty.info/recepty/podle-kategorie/snidane/ovesne-susenky-723/","Sušenky","Ovesné sušenky","Dezerty"
"723","https://fitrecepty.info/recepty/podle-kategorie/snidane/ovesne-susenky-723/","Sušenky","Ovesné sušenky","Snídaně"
"1075","https://fitrecepty.info/recepty/podle-kategorie/snidane/granola-muffiny-1075/","Moučníky","Granola muffiny ","Snídaně"
"1075","https://fitrecepty.info/recepty/podle-kategorie/snidane/granola-muffiny-1075/","Muffiny","Granola muffiny ","Dezerty"
"1075","https://fitrecepty.info/recepty/podle-kategorie/snidane/granola-muffiny-1075/","Dezerty","Granola muffiny ","Snacky"
"998","https://fitrecepty.info/recepty/podle-kategorie/snidane/skoricove-vafle-s-kefirem-998/","Moučníky","Skořicové vafle s kefírem ","Dezerty"
"524","https://fitrecepty.info/recepty/podle-kategorie/snidane/palacinky-s-arasidovym-maslem-524/","Moučníky","Palačinky s arašídovým máslem","Dezerty"
"524","https://fitrecepty.info/recepty/podle-kategorie/snidane/palacinky-s-arasidovym-maslem-524/","Dezerty","Palačinky s arašídovým máslem","Snídaně"
"1033","https://fitrecepty.info/recepty/podle-kategorie/snidane/cokoladove-palacinky-726-1033/","Moučníky","Čokoládové palačinky","Dezerty"
"1033","https://fitrecepty.info/recepty/podle-kategorie/snidane/cokoladove-palacinky-726-1033/","Dezerty","Čokoládové palačinky","Snídaně"
"917","https://fitrecepty.info/recepty/podle-kategorie/snidane/cuketove-palacinky-917/","snacky","Cuketové palačinky ","Snacky"
"917","https://fitrecepty.info/recepty/podle-kategorie/snidane/cuketove-palacinky-917/","Palačinky","Cuketové palačinky ","Snídaně"
"132","https://fitrecepty.info/recepty/podle-kategorie/snidane/snidanove-bananove-muffiny-132/","Moučníky","Snídaňové banánové muffiny","Snídaně"
"132","https://fitrecepty.info/recepty/podle-kategorie/snidane/snidanove-bananove-muffiny-132/","Muffiny","Snídaňové banánové muffiny","Dezerty"
"132","https://fitrecepty.info/recepty/podle-kategorie/snidane/snidanove-bananove-muffiny-132/","Dezerty","Snídaňové banánové muffiny","Snacky"
"179","https://fitrecepty.info/recepty/podle-kategorie/snidane/livance-z-cottage-syru-179/","Moučníky","Lívance z cottage sýru","Dezerty"
"179","https://fitrecepty.info/recepty/podle-kategorie/snidane/livance-z-cottage-syru-179/","Lívance","Lívance z cottage sýru","Snídaně"
"939","https://fitrecepty.info/recepty/podle-kategorie/snidane/bezlepkove-livance-z-kokosove-mouky-939/","Moučníky","Bezlepkové lívance z kokosové mouky ","Dezerty"
"939","https://fitrecepty.info/recepty/podle-kategorie/snidane/bezlepkove-livance-z-kokosove-mouky-939/","Lívance","Bezlepkové lívance z kokosové mouky ","Snídaně"
"1099","https://fitrecepty.info/recepty/podle-kategorie/snidane/zitny-chlebrugbrd-1099/","Domácí","Žitný chléb/Rugbr?d","Pečivo"
"173","https://fitrecepty.info/recepty/podle-kategorie/napoje/smoothie-s-arasidovym-maslem-173/","Smoothie","Smoothie s arašídovým máslem","Snídaně"
"173","https://fitrecepty.info/recepty/podle-kategorie/napoje/smoothie-s-arasidovym-maslem-173/","Smoothie","Smoothie s arašídovým máslem","Smoothie"
"16","https://fitrecepty.info/recepty/podle-kategorie/napoje/zelene-smoothie-z-avokada-ananasu-a-bananu-16/","Osvěžení","Zelené smoothie z avokáda, banánu a ananasu","Smoothie"
"16","https://fitrecepty.info/recepty/podle-kategorie/napoje/zelene-smoothie-z-avokada-ananasu-a-bananu-16/","Smoothie","Zelené smoothie z avokáda, banánu a ananasu","Snídaně"
"538","https://fitrecepty.info/recepty/podle-kategorie/napoje/power-smoothie-538/","Osvěžení","Power smoothie","Smoothie"
"538","https://fitrecepty.info/recepty/podle-kategorie/napoje/power-smoothie-538/","Smoothie","Power smoothie","Snídaně"
"1111","https://fitrecepty.info/recepty/podle-kategorie/napoje/detox-smoothie-1290-1111/","Osvěžení","Detox smoothie","Smoothie"
"1111","https://fitrecepty.info/recepty/podle-kategorie/napoje/detox-smoothie-1290-1111/","Smoothie","Detox smoothie","Snídaně"
"999","https://fitrecepty.info/recepty/podle-kategorie/napoje/blueberry-muffin-smoothie-999/","Smoothie","Blueberry muffin smoothie ","Snídaně"
"999","https://fitrecepty.info/recepty/podle-kategorie/napoje/blueberry-muffin-smoothie-999/","Smoothie","Blueberry muffin smoothie ","Smoothie"
"640","https://fitrecepty.info/recepty/podle-kategorie/napoje/smoothie-s-granatovym-jablkem-640/","Osvěžení","Smoothie s jahodami a granátovým jablkem","Smoothie"
"640","https://fitrecepty.info/recepty/podle-kategorie/napoje/smoothie-s-granatovym-jablkem-640/","Smoothie","Smoothie s jahodami a granátovým jablkem","Snídaně"
"123","https://fitrecepty.info/recepty/podle-kategorie/napoje/kavovo-bananove-smoothie-123/","Osvěžení","Kávovo-banánové smoothie","Smoothie"
"123","https://fitrecepty.info/recepty/podle-kategorie/napoje/kavovo-bananove-smoothie-123/","Smoothie","Kávovo-banánové smoothie","Snídaně"
"1124","https://fitrecepty.info/recepty/podle-kategorie/napoje/rebarborova-limonada-1124/","Osvěžení","Rebarborová limonáda","Nápoje"
"845","https://fitrecepty.info/recepty/podle-kategorie/napoje/jablecno-hruskove-smoothie-845/","Osvěžení","Jablečno-hruškové smoothie","Smoothie"
"845","https://fitrecepty.info/recepty/podle-kategorie/napoje/jablecno-hruskove-smoothie-845/","Smoothie","Jablečno-hruškové smoothie","Snídaně"
"662","https://fitrecepty.info/recepty/podle-kategorie/napoje/avokadovy-shake-s-proteinem-662/","Shaky","Avokádový shake s proteinem","Nápoje"
"659","https://fitrecepty.info/recepty/podle-kategorie/napoje/okurkove-smoothie-659/","Osvěžení","Okurkové smoothie","Smoothie"
"659","https://fitrecepty.info/recepty/podle-kategorie/napoje/okurkove-smoothie-659/","Smoothie","Okurkové smoothie","Snídaně"
"827","https://fitrecepty.info/recepty/podle-kategorie/napoje/spenatove-smoothie-s-chia-seminky-827/","Osvěžení","Špenátové smoothie s chia semínky","Smoothie"
"827","https://fitrecepty.info/recepty/podle-kategorie/napoje/spenatove-smoothie-s-chia-seminky-827/","Smoothie","Špenátové smoothie s chia semínky","Snídaně"
"1009","https://fitrecepty.info/recepty/podle-kategorie/zdravemlsani/cokoladove-muffiny-z-tvarohoveho-testa-1009/","Moučníky","Čokoládové muffiny z tvarohového těsta","Dezerty"
"1009","https://fitrecepty.info/recepty/podle-kategorie/zdravemlsani/cokoladove-muffiny-z-tvarohoveho-testa-1009/","Muffiny","Čokoládové muffiny z tvarohového těsta","Snídaně"
"1009","https://fitrecepty.info/recepty/podle-kategorie/zdravemlsani/cokoladove-muffiny-z-tvarohoveho-testa-1009/","Dezerty","Čokoládové muffiny z tvarohového těsta","Snacky"
"1102","https://fitrecepty.info/recepty/podle-kategorie/zdravemlsani/bounty-kulicky-1102/","Moučníky","Bounty kuličky","Dezerty"
"68","https://fitrecepty.info/recepty/podle-kategorie/zdravemlsani/avokadovy-pudink-68/","Dezerty","Avokádový pudink ","Snídaně"
"68","https://fitrecepty.info/recepty/podle-kategorie/zdravemlsani/avokadovy-pudink-68/","Pudinky","Avokádový pudink ","Dezerty"
"42","https://fitrecepty.info/recepty/podle-kategorie/zdravemlsani/cokoladovy-pudink-s-chia-seminky-a-ovocem-42/","Dezerty","Čokoládový chia pudink","Snídaně"
"42","https://fitrecepty.info/recepty/podle-kategorie/zdravemlsani/cokoladovy-pudink-s-chia-seminky-a-ovocem-42/","Pudinky","Čokoládový chia pudink","Dezerty"
"650","https://fitrecepty.info/recepty/podle-kategorie/zdravemlsani/brownies-s-arasidovym-maslem-650/","Moučníky","Brownies s arašídovým máslem","Dezerty"
"1138","https://fitrecepty.info/recepty/podle-kategorie/zdravemlsani/merunkovy-kolac-s-ovesnymi-vlockami-1138/","Moučníky","Meruňkový koláč s ovesnými vločkami ","Snídaně"
"1138","https://fitrecepty.info/recepty/podle-kategorie/zdravemlsani/merunkovy-kolac-s-ovesnymi-vlockami-1138/","Dezerty","Meruňkový koláč s ovesnými vločkami ","Dezerty"
"174","https://fitrecepty.info/recepty/podle-kategorie/zdravemlsani/mrkvove-muffiny-174/","Moučníky","Mrkvové muffiny","Dezerty"
"174","https://fitrecepty.info/recepty/podle-kategorie/zdravemlsani/mrkvove-muffiny-174/","Muffiny","Mrkvové muffiny","Snídaně"
"174","https://fitrecepty.info/recepty/podle-kategorie/zdravemlsani/mrkvove-muffiny-174/","Dezerty","Mrkvové muffiny","Snacky"
"890","https://fitrecepty.info/recepty/podle-kategorie/zdravemlsani/celozrnna-babovka-890/","Moučníky","Celozrnná bábovka","Dezerty"
"890","https://fitrecepty.info/recepty/podle-kategorie/zdravemlsani/celozrnna-babovka-890/","Dezerty","Celozrnná bábovka","Snídaně"
"416","https://fitrecepty.info/recepty/podle-kategorie/zdravemlsani/cokoladova-buchta-s-proteinem-416/","Moučníky","Čokoládová buchta s proteinem","Dezerty"
"416","https://fitrecepty.info/recepty/podle-kategorie/zdravemlsani/cokoladova-buchta-s-proteinem-416/","Dezerty","Čokoládová buchta s proteinem","Snídaně"
"292","https://fitrecepty.info/recepty/podle-kategorie/zdravemlsani/tvarohovo-jahodovy-dort-292/","dorty","Tvarohovo-jahodový dort","Dezerty"
"1112","https://fitrecepty.info/recepty/podle-kategorie/zdravemlsani/bezlepkove-cokoladove-susenky-1112/","snacky","Bezlepkové čokoládové sušenky  ","Dezerty"
"1076","https://fitrecepty.info/recepty/podle-kategorie/zdravemlsani/bananovy-kolac-s-tvarohem-a-arasidovym-maslem-1076/","Moučníky","Banánový koláč s tvarohem a arašídovým máslem ","Dezerty"
"1076","https://fitrecepty.info/recepty/podle-kategorie/zdravemlsani/bananovy-kolac-s-tvarohem-a-arasidovym-maslem-1076/","Dezerty","Banánový koláč s tvarohem a arašídovým máslem ","Snídaně"
"1093","https://fitrecepty.info/recepty/podle-kategorie/svaciny/caprese-jednohubky-1093/","Jednohubky","Caprese jednohubky ","Snacky"
"191","https://fitrecepty.info/recepty/podle-kategorie/svaciny/vajickova-pomazanka-z-domaci-luciny-191/","snacky","Vajíčková pomazánka z domácí lučiny","Snacky"
"191","https://fitrecepty.info/recepty/podle-kategorie/svaciny/vajickova-pomazanka-z-domaci-luciny-191/","Domácí lučina","Vajíčková pomazánka z domácí lučiny","Pomazánky"
"1088","https://fitrecepty.info/recepty/podle-kategorie/svaciny/vajickovy-salat-1271-1088/","Saláty","Vajíčkový salát","Saláty"
"1088","https://fitrecepty.info/recepty/podle-kategorie/svaciny/vajickovy-salat-1271-1088/","Vajíčkový salát","Vajíčkový salát","Snacky"
"1078","https://fitrecepty.info/recepty/podle-kategorie/svaciny/kakaovy-termix-s-jahodami-1078/","Dezerty","Kakaový termix s jahodami ","Dezerty"
"1078","https://fitrecepty.info/recepty/podle-kategorie/svaciny/kakaovy-termix-s-jahodami-1078/","Dezerty","Kakaový termix s jahodami ","Snídaně"
"190","https://fitrecepty.info/recepty/podle-kategorie/svaciny/termix-z-domaci-luciny-190/","Dezerty","Termix z domácí lučiny","Dezerty"
"190","https://fitrecepty.info/recepty/podle-kategorie/svaciny/termix-z-domaci-luciny-190/","Domácí lučina","Termix z domácí lučiny","Snídaně"
"801","https://fitrecepty.info/recepty/podle-kategorie/svaciny/tvarohovy-dip-se-zeleninou-801/","snacky","Tvarohový dip se zeleninou","Snacky"
"801","https://fitrecepty.info/recepty/podle-kategorie/svaciny/tvarohovy-dip-se-zeleninou-801/","Dipy","Tvarohový dip se zeleninou","Omáčky, dipy"
"801","https://fitrecepty.info/recepty/podle-kategorie/svaciny/tvarohovy-dip-se-zeleninou-801/","Pomazánky","Tvarohový dip se zeleninou","Pomazánky"
"696","https://fitrecepty.info/recepty/podle-kategorie/svaciny/celozrnne-krekry-696/","snacky","Celozrnné krekry","Snacky"
"696","https://fitrecepty.info/recepty/podle-kategorie/svaciny/celozrnne-krekry-696/","Krekry","Celozrnné krekry","Snídaně"
"831","https://fitrecepty.info/recepty/podle-kategorie/svaciny/jablecna-presnidavka-831/","snacky","Jablečná přesnídávka","Snacky"
"831","https://fitrecepty.info/recepty/podle-kategorie/svaciny/jablecna-presnidavka-831/","Přesnídávky","Jablečná přesnídávka","Snídaně"
"883","https://fitrecepty.info/recepty/podle-kategorie/svaciny/pecena-dyne-s-cizrnou-883/","snacky","Pečená dýně s cizrnou","Snacky"
"883","https://fitrecepty.info/recepty/podle-kategorie/svaciny/pecena-dyne-s-cizrnou-883/","snacky","Pečená dýně s cizrnou","Hlavní jídla"
"162","https://fitrecepty.info/recepty/podle-kategorie/svaciny/pomazanka-z-olomouckych-tvaruzku-162/","snacky","Pomazánka z olomouckých tvarůžků","Pomazánky"
"162","https://fitrecepty.info/recepty/podle-kategorie/svaciny/pomazanka-z-olomouckych-tvaruzku-162/","Pomazánky","Pomazánka z olomouckých tvarůžků","Snacky"
"803","https://fitrecepty.info/recepty/podle-kategorie/svaciny/rybickova-pomazanka-803/","snacky","Rybičková pomazánka","Snacky"
"803","https://fitrecepty.info/recepty/podle-kategorie/svaciny/rybickova-pomazanka-803/","Pomazánky","Rybičková pomazánka","Pomazánky"
"200","https://fitrecepty.info/recepty/podle-kategorie/svaciny/cockova-pomazanka-s-cesnekem-200/","snacky","Čočková pomazánka s česnekem","Snacky"
"200","https://fitrecepty.info/recepty/podle-kategorie/svaciny/cockova-pomazanka-s-cesnekem-200/","Pomazánky","Čočková pomazánka s česnekem","Pomazánky"
"181","https://fitrecepty.info/recepty/podle-kategorie/polevky/dynova-polevka-181/","Polévky","Dýňová polévka","Polévky"
"746","https://fitrecepty.info/recepty/podle-kategorie/polevky/rychla-houbova-polevka-746/","Polévky","Rychlá houbová polévka","Polévky"
"182","https://fitrecepty.info/recepty/podle-kategorie/polevky/polevka-z-cervene-cocky-182/","Polévky","Polévka z červené čočky","Polévky"
"685","https://fitrecepty.info/recepty/podle-kategorie/polevky/spenatova-polevka-685/","Polévky","Špenátová polévka","Polévky"
"822","https://fitrecepty.info/recepty/podle-kategorie/polevky/rajcatova-polevka-822/","Polévky","Rajčatová polévka","Polévky"
"816","https://fitrecepty.info/recepty/podle-kategorie/polevky/mrkvova-polevka-816/","Polévky","Mrkvová polévka","Polévky"
"675","https://fitrecepty.info/recepty/podle-kategorie/polevky/fazolova-polevka-675/","Polévky","Fazolová polévka","Polévky"
"745","https://fitrecepty.info/recepty/podle-kategorie/polevky/polevka-se-zazvorem-a-mrkvi-745/","Polévky","Polévka se zázvorem a mrkví","Polévky"
"918","https://fitrecepty.info/recepty/podle-kategorie/polevky/kremova-cizrnova-polevka-918/","Polévky","Krémová cizrnová polévka ","Polévky"
"199","https://fitrecepty.info/recepty/podle-kategorie/polevky/porkova-polevka-s-petrzeli-199/","Polévky","Pórková polévka s petrželí","Polévky"
"705","https://fitrecepty.info/recepty/podle-kategorie/polevky/hraskova-polevka-s-matou-705/","Polévky","Hrášková polévka s mátou","Polévky"
"835","https://fitrecepty.info/recepty/podle-kategorie/polevky/porkova-polevka-835/","Polévky","Pórková polévka","Polévky"
"786","https://fitrecepty.info/recepty/podle-kategorie/obedy-a-vecere/kvetakove-placky-786/","Placky","Květákové placky","Hlavní jídla"
"786","https://fitrecepty.info/recepty/podle-kategorie/obedy-a-vecere/kvetakove-placky-786/","Placky","Květákové placky","Bezmasé"
"1101","https://fitrecepty.info/recepty/podle-kategorie/obedy-a-vecere/frikadely-1101/","Karbanátky","Frikadely","Hlavní jídla"
"1101","https://fitrecepty.info/recepty/podle-kategorie/obedy-a-vecere/frikadely-1101/","Karbanátky","Frikadely","Maso"
"233","https://fitrecepty.info/recepty/podle-kategorie/obedy-a-vecere/chilli-con-carne-233/","Pikantní","Chilli con carne","Maso"
"233","https://fitrecepty.info/recepty/podle-kategorie/obedy-a-vecere/chilli-con-carne-233/","Směsi","Chilli con carne","Luštěniny"
"233","https://fitrecepty.info/recepty/podle-kategorie/obedy-a-vecere/chilli-con-carne-233/","Směsi","Chilli con carne","Hlavní jídla"
"145","https://fitrecepty.info/recepty/podle-kategorie/obedy-a-vecere/dynove-rizoto-145/","Rizoto","Dýňové rizoto","Hlavní jídla"
"145","https://fitrecepty.info/recepty/podle-kategorie/obedy-a-vecere/dynove-rizoto-145/","Rizoto","Dýňové rizoto","Bezmasé"
"166","https://fitrecepty.info/recepty/podle-kategorie/obedy-a-vecere/fritatta-se-spenatem-a-houbami-166/","Frittata","Fritatta se špenátem a houbami","Hlavní jídla"
"166","https://fitrecepty.info/recepty/podle-kategorie/obedy-a-vecere/fritatta-se-spenatem-a-houbami-166/","Omelety","Fritatta se špenátem a houbami","Bezmasé"
"574","https://fitrecepty.info/recepty/podle-kategorie/obedy-a-vecere/thajske-kari-s-kurecim-masem-574/","Omáčky","Thajské kari s kuřecím masem","Maso"
"574","https://fitrecepty.info/recepty/podle-kategorie/obedy-a-vecere/thajske-kari-s-kurecim-masem-574/","Pikantní","Thajské kari s kuřecím masem","Hlavní jídla"
"574","https://fitrecepty.info/recepty/podle-kategorie/obedy-a-vecere/thajske-kari-s-kurecim-masem-574/","Pikantní","Thajské kari s kuřecím masem","Omáčky, dipy"
"125","https://fitrecepty.info/recepty/podle-kategorie/obedy-a-vecere/kureci-nugetky-125/","snacky","Kuřecí nugetky","Hlavní jídla"
"125","https://fitrecepty.info/recepty/podle-kategorie/obedy-a-vecere/kureci-nugetky-125/","snacky","Kuřecí nugetky","Maso"
"120","https://fitrecepty.info/recepty/podle-kategorie/obedy-a-vecere/zapecene-penne-s-ricottou-120/","Zapečené","Zapečené penne s ricottou","Hlavní jídla"
"120","https://fitrecepty.info/recepty/podle-kategorie/obedy-a-vecere/zapecene-penne-s-ricottou-120/","Těstoviny","Zapečené penne s ricottou","Bezmasé"
"348","https://fitrecepty.info/recepty/podle-kategorie/obedy-a-vecere/thajske-rizoto-s-kokosovym-mlekem-a-kesu-orisky-348/","Pikantní","Thajské rizoto s kokosovým mlékem a kešu oříšky","Hlavní jídla"
"348","https://fitrecepty.info/recepty/podle-kategorie/obedy-a-vecere/thajske-rizoto-s-kokosovym-mlekem-a-kesu-orisky-348/","Rizoto","Thajské rizoto s kokosovým mlékem a kešu oříšky","Bezmasé"
"677","https://fitrecepty.info/recepty/podle-kategorie/obedy-a-vecere/cocka-s-bylinkami-677/","Směsi","Čočka s bylinkami","Hlavní jídla"
"677","https://fitrecepty.info/recepty/podle-kategorie/obedy-a-vecere/cocka-s-bylinkami-677/","Směsi","Čočka s bylinkami","Bezmasé"
"677","https://fitrecepty.info/recepty/podle-kategorie/obedy-a-vecere/cocka-s-bylinkami-677/","Směsi","Čočka s bylinkami","Luštěniny"
"122","https://fitrecepty.info/recepty/podle-kategorie/obedy-a-vecere/kureci-smes-s-kvetakem-a-kokosovym-mlekem-122/","Pikantní","Kuřecí směs s květákem a kokosovým mlékem ","Maso"
"122","https://fitrecepty.info/recepty/podle-kategorie/obedy-a-vecere/kureci-smes-s-kvetakem-a-kokosovym-mlekem-122/","Směsi","Kuřecí směs s květákem a kokosovým mlékem ","Hlavní jídla"
"691","https://fitrecepty.info/recepty/podle-kategorie/obedy-a-vecere/sladke-kuskusove-knedliky-691/","Moučníky","Sladké kuskusové knedlíky","Hlavní jídla"
"691","https://fitrecepty.info/recepty/podle-kategorie/obedy-a-vecere/sladke-kuskusove-knedliky-691/","Dezerty","Sladké kuskusové knedlíky","Bezmasé"
"691","https://fitrecepty.info/recepty/podle-kategorie/obedy-a-vecere/sladke-kuskusove-knedliky-691/","Knedlíky","Sladké kuskusové knedlíky","Dezerty"
"382","https://fitrecepty.info/recepty/podle-kategorie/obedy-a-vecere/bramborovy-salat-s-quinoou-382/","Saláty","Bramborový salát s quinoou","Saláty"
"382","https://fitrecepty.info/recepty/podle-kategorie/obedy-a-vecere/bramborovy-salat-s-quinoou-382/","Bramborový salát","Bramborový salát s quinoou","Hlavní jídla"
"382","https://fitrecepty.info/recepty/podle-kategorie/obedy-a-vecere/bramborovy-salat-s-quinoou-382/","Brambory","Bramborový salát s quinoou","Bezmasé"
"828","https://fitrecepty.info/recepty/podle-kategorie/napoje/brokolicovy-milkshake-828/","Shaky","Brokolicový milkshake ","Nápoje"
"1144","https://fitrecepty.info/recepty/podle-kategorie/obedy-a-vecere/bulgurovy-salat-s-petrzeli-a-rajcaty-1144/","Saláty","Bulgurový salát s petrželí a rajčaty ","Saláty"
"1144","https://fitrecepty.info/recepty/podle-kategorie/obedy-a-vecere/bulgurovy-salat-s-petrzeli-a-rajcaty-1144/","Saláty","Bulgurový salát s petrželí a rajčaty ","Hlavní jídla"
"1144","https://fitrecepty.info/recepty/podle-kategorie/obedy-a-vecere/bulgurovy-salat-s-petrzeli-a-rajcaty-1144/","Saláty","Bulgurový salát s petrželí a rajčaty ","Bezmasé"
"948","https://fitrecepty.info/recepty/podle-kategorie/svaciny/celerova-pomazanka-s-mrkvi-948/","snacky","Celerová pomazánka s mrkví ","Pomazánky"
"948","https://fitrecepty.info/recepty/podle-kategorie/svaciny/celerova-pomazanka-s-mrkvi-948/","Mrkvová pomazánka","Celerová pomazánka s mrkví ","Snacky"
"919","https://fitrecepty.info/recepty/podle-kategorie/obedy-a-vecere/cizrnova-omacka-s-ryzi-919/","Omáčky","Cizrnová omáčka s rýží ","Omáčky, dipy"
"919","https://fitrecepty.info/recepty/podle-kategorie/obedy-a-vecere/cizrnova-omacka-s-ryzi-919/","Omáčky","Cizrnová omáčka s rýží ","Hlavní jídla"
"919","https://fitrecepty.info/recepty/podle-kategorie/obedy-a-vecere/cizrnova-omacka-s-ryzi-919/","Omáčky","Cizrnová omáčka s rýží ","Bezmasé"
"919","https://fitrecepty.info/recepty/podle-kategorie/obedy-a-vecere/cizrnova-omacka-s-ryzi-919/","Omáčky","Cizrnová omáčka s rýží ","Luštěniny"
"684","https://fitrecepty.info/recepty/podle-kategorie/polevky/cizrnova-polevka-684/","Polévky","Cizrnová polévka","Polévky"
"841","https://fitrecepty.info/recepty/podle-kategorie/svaciny/cizrnova-pomazanka-s-krenem-841/","snacky","Cizrnová pomazánka s křenem","Pomazánky"
"841","https://fitrecepty.info/recepty/podle-kategorie/svaciny/cizrnova-pomazanka-s-krenem-841/","Pomazánky","Cizrnová pomazánka s křenem","Snacky"
"704","https://fitrecepty.info/recepty/podle-kategorie/obedy-a-vecere/cizrnovy-falafel-704/","snacky","Cizrnový falafel","Hlavní jídla"
"704","https://fitrecepty.info/recepty/podle-kategorie/obedy-a-vecere/cizrnovy-falafel-704/","Falafel","Cizrnový falafel","Bezmasé"
"704","https://fitrecepty.info/recepty/podle-kategorie/obedy-a-vecere/cizrnovy-falafel-704/","Falafel","Cizrnový falafel","Luštěniny"
"248","https://fitrecepty.info/recepty/podle-kategorie/salatyprilohy/cizrnovy-salat-s-tymianem-a-pecenou-paprikou-248/","Saláty","Cizrnový salát s tymiánem a pečenou paprikou","Saláty"
"248","https://fitrecepty.info/recepty/podle-kategorie/salatyprilohy/cizrnovy-salat-s-tymianem-a-pecenou-paprikou-248/","Cizrnový salát","Cizrnový salát s tymiánem a pečenou paprikou","Luštěniny"
"379","https://fitrecepty.info/recepty/podle-kategorie/zdravemlsani/cokoladovo-kokosova-zmrzlina-379/","Osvěžení","Čokoládovo-kokosová zmrzlina","Dezerty"
"916","https://fitrecepty.info/recepty/podle-kategorie/svaciny/cuketova-pomazanka-na-topinky-916/","snacky","Cuketová pomazánka na topinky","Pomazánky"
"916","https://fitrecepty.info/recepty/podle-kategorie/svaciny/cuketova-pomazanka-na-topinky-916/","Pomazánky","Cuketová pomazánka na topinky","Snacky"
"669","https://fitrecepty.info/recepty/podle-kategorie/napoje/cuketove-smoothie-669/","Osvěžení","Cuketové smoothie","Smoothie"
"669","https://fitrecepty.info/recepty/podle-kategorie/napoje/cuketove-smoothie-669/","Smoothie","Cuketové smoothie","Snídaně"
"707","https://fitrecepty.info/recepty/podle-kategorie/obedy-a-vecere/cuketove-spagety-707/","Nudle","Cuketové špagety","Bezmasé"
"707","https://fitrecepty.info/recepty/podle-kategorie/obedy-a-vecere/cuketove-spagety-707/","Nudle","Cuketové špagety","Hlavní jídla"
"912","https://fitrecepty.info/recepty/podle-kategorie/vanocni/datlove-kulicky-s-chia-912/","Moučníky","Datlové kuličky s chia ","Dezerty"
"583","https://fitrecepty.info/recepty/podle-kategorie/zdravemlsani/datlove-susenky-583/","snacky","Datlové sušenky","Dezerty"
"583","https://fitrecepty.info/recepty/podle-kategorie/zdravemlsani/datlove-susenky-583/","Sušenky","Datlové sušenky","Snacky"
"1143","https://fitrecepty.info/recepty/podle-kategorie/pomazanky/dip-z-peceneho-lilku-1143/","snacky","Dip z pečeného lilku","Omáčky, dipy"
"1143","https://fitrecepty.info/recepty/podle-kategorie/pomazanky/dip-z-peceneho-lilku-1143/","Dipy","Dip z pečeného lilku","Pomazánky"
"1143","https://fitrecepty.info/recepty/podle-kategorie/pomazanky/dip-z-peceneho-lilku-1143/","Pomazánky","Dip z pečeného lilku","Snacky"
"70","https://fitrecepty.info/recepty/podle-kategorie/napoje/domaci-mandlove-mleko-70/","Domácí mléko","Domácí mandlové mléko","Nápoje"
"313","https://fitrecepty.info/recepty/podle-kategorie/napoje/drink-s-chia-seminky-a-matcha-cajem-313/","Osvěžení","Drink s chia semínky a matcha čajem","Nápoje"
"989","https://fitrecepty.info/recepty/podle-kategorie/obedy-a-vecere/dynova-chilli-smes-989/","Pikantní","Dýňová chilli směs","Hlavní jídla"
"989","https://fitrecepty.info/recepty/podle-kategorie/obedy-a-vecere/dynova-chilli-smes-989/","Směsi","Dýňová chilli směs","Bezmasé"
"989","https://fitrecepty.info/recepty/podle-kategorie/obedy-a-vecere/dynova-chilli-smes-989/","Směsi","Dýňová chilli směs","Luštěniny"
"838","https://fitrecepty.info/recepty/podle-kategorie/polevky/dynova-polevka-s-pohankou-838/","Polévky","Dýňová polévka s pohankou","Polévky"
"984","https://fitrecepty.info/recepty/podle-kategorie/zdravemlsani/dynove-brownies-ze-3-ingredienci-984/","Moučníky","Dýňové brownies ze 3 ingrediencí ","Dezerty"
"889","https://fitrecepty.info/recepty/podle-kategorie/zdravemlsani/dynove-kulicky-889/","Moučníky","Dýňové kuličky","Dezerty"
"1035","https://fitrecepty.info/recepty/podle-kategorie/obedy-a-vecere/fazolova-polevka-1035/","Fazolová polévka","Fazolová polévka","Luštěniny"
"1035","https://fitrecepty.info/recepty/podle-kategorie/obedy-a-vecere/fazolova-polevka-1035/","Polévky","Fazolová polévka","Polévky"
"769","https://fitrecepty.info/recepty/podle-kategorie/napoje/fikove-smoothie-s-chia-769/","Osvěžení","Fíkové smoothie s chia","Smoothie"
"769","https://fitrecepty.info/recepty/podle-kategorie/napoje/fikove-smoothie-s-chia-769/","Smoothie","Fíkové smoothie s chia","Snídaně"
"511","https://fitrecepty.info/recepty/podle-kategorie/napoje/golden-milk-511/","Shaky","Golden milk","Nápoje"
"1071","https://fitrecepty.info/recepty/podle-kategorie/snidane/granola-se-susenymi-svestkami-1071/","Müsli","Granola se sušenými švestkami","Snídaně"
"1071","https://fitrecepty.info/recepty/podle-kategorie/snidane/granola-se-susenymi-svestkami-1071/","Granola","Granola se sušenými švestkami","Snacky"
"600","https://fitrecepty.info/recepty/podle-kategorie/snidane/granola-s-orechy-600/","Müsli","Granola s ořechy","Snídaně"
"600","https://fitrecepty.info/recepty/podle-kategorie/snidane/granola-s-orechy-600/","Granola","Granola s ořechy","Snacky"
"644","https://fitrecepty.info/recepty/podle-kategorie/napoje/green-tea-smoothie-644/","Smoothie","Green tea smoothie","Smoothie"
"644","https://fitrecepty.info/recepty/podle-kategorie/napoje/green-tea-smoothie-644/","Čaje","Green tea smoothie","Snídaně"
"915","https://fitrecepty.info/recepty/podle-kategorie/salatyprilohy/grilovane-cukety-915/","snacky","Grilované cukety","Snacky"
"915","https://fitrecepty.info/recepty/podle-kategorie/salatyprilohy/grilovane-cukety-915/","snacky","Grilované cukety","Přílohy"
"50","https://fitrecepty.info/recepty/podle-kategorie/salatyprilohy/hranolky-ze-sladkych-brambor-50/","snacky","Hranolky ze sladkých brambor","Přílohy"
"50","https://fitrecepty.info/recepty/podle-kategorie/salatyprilohy/hranolky-ze-sladkych-brambor-50/","Hranolky","Hranolky ze sladkých brambor","Snacky"
"1058","https://fitrecepty.info/recepty/podle-kategorie/svaciny/hraskovy-hummus-1058/","Dipy","Hráškový hummus ","Omáčky, dipy"
"1058","https://fitrecepty.info/recepty/podle-kategorie/svaciny/hraskovy-hummus-1058/","Hummus","Hráškový hummus ","Luštěniny"
"1058","https://fitrecepty.info/recepty/podle-kategorie/svaciny/hraskovy-hummus-1058/","Humus","Hráškový hummus ","Snacky"
"1058","https://fitrecepty.info/recepty/podle-kategorie/svaciny/hraskovy-hummus-1058/","Pomazánky","Hráškový hummus ","Pomazánky"
"655","https://fitrecepty.info/recepty/podle-kategorie/svaciny/hummus-z-avokada-a-cizrny-655/","Dipy","Hummus z avokáda a cizrny ","Luštěniny"
"655","https://fitrecepty.info/recepty/podle-kategorie/svaciny/hummus-z-avokada-a-cizrny-655/","Hummus","Hummus z avokáda a cizrny ","Omáčky, dipy"
"655","https://fitrecepty.info/recepty/podle-kategorie/svaciny/hummus-z-avokada-a-cizrny-655/","Humus","Hummus z avokáda a cizrny ","Pomazánky"
"655","https://fitrecepty.info/recepty/podle-kategorie/svaciny/hummus-z-avokada-a-cizrny-655/","Pomazánky","Hummus z avokáda a cizrny ","Snacky"
"834","https://fitrecepty.info/recepty/podle-kategorie/napoje/chai-latte-se-skorici-834/","Osvěžení","Chai latté se skořicí","Nápoje"
"779","https://fitrecepty.info/recepty/podle-kategorie/zdravemlsani/chia-mango-pudink-779/","Dezerty","Chia mango pudink","Dezerty"
"779","https://fitrecepty.info/recepty/podle-kategorie/zdravemlsani/chia-mango-pudink-779/","Pudinky","Chia mango pudink","Snídaně"
"743","https://fitrecepty.info/recepty/podle-kategorie/zdravemlsani/chia-nanuky-743/","Osvěžení","Chia nanuky","Dezerty"
"778","https://fitrecepty.info/recepty/podle-kategorie/svaciny/chia-svacina-s-mandlemi-778/","Dezerty","Chia svačina s mandlemi","Snacky"
"778","https://fitrecepty.info/recepty/podle-kategorie/svaciny/chia-svacina-s-mandlemi-778/","snacky","Chia svačina s mandlemi","Snídaně"
"706","https://fitrecepty.info/recepty/podle-kategorie/polevky/chrestova-polevka-706/","Polévky","Chřestová polévka","Polévky"
"126","https://fitrecepty.info/recepty/podle-kategorie/svaciny/jablecne-chipsy-se-skorici-126/","snacky","Jablečné chipsy se skořicí","Snacky"
"126","https://fitrecepty.info/recepty/podle-kategorie/svaciny/jablecne-chipsy-se-skorici-126/","Chipsy","Jablečné chipsy se skořicí","Dezerty"
"514","https://fitrecepty.info/recepty/podle-kategorie/snidane/jablecne-waffle-se-skorici-514/","Moučníky","Jablečné waffle se skořicí","Dezerty"
"124","https://fitrecepty.info/recepty/podle-kategorie/napoje/jablecny-milkshake-se-skorici-124/","Shaky","Jablečný milkshake se skořicí","Nápoje"
"214","https://fitrecepty.info/recepty/podle-kategorie/obedy-a-vecere/jahelne-rizoto-214/","Rizoto","Jáhelné rizoto","Hlavní jídla"
"214","https://fitrecepty.info/recepty/podle-kategorie/obedy-a-vecere/jahelne-rizoto-214/","Rizoto","Jáhelné rizoto","Bezmasé"
"344","https://fitrecepty.info/recepty/podle-kategorie/napoje/jahodove-smoothie-se-skorici-344/","Osvěžení","Jahodové smoothie se skořicí","Smoothie"
"344","https://fitrecepty.info/recepty/podle-kategorie/napoje/jahodove-smoothie-se-skorici-344/","Smoothie","Jahodové smoothie se skořicí","Snídaně"
"33","https://fitrecepty.info/recepty/podle-kategorie/zdravemlsani/jahodovo-bananova-zmrzlina-33/","Osvěžení","Nice cream - zmrzlina z banánu a malin","Dezerty"
"599","https://fitrecepty.info/recepty/podle-kategorie/zdravemlsani/jahodovy-dortik-599/","dorty","Jahodový dortík","Dezerty"
"128","https://fitrecepty.info/recepty/podle-kategorie/obedy-a-vecere/jarni-zavitky-s-uzenym-tofu-128/","snacky","Jarní závitky s uzeným tofu a arašídovou omáčkou","Snacky"
"128","https://fitrecepty.info/recepty/podle-kategorie/obedy-a-vecere/jarni-zavitky-s-uzenym-tofu-128/","Omáčky","Jarní závitky s uzeným tofu a arašídovou omáčkou","Omáčky, dipy"
"128","https://fitrecepty.info/recepty/podle-kategorie/obedy-a-vecere/jarni-zavitky-s-uzenym-tofu-128/","Závitky","Jarní závitky s uzeným tofu a arašídovou omáčkou","Hlavní jídla"
"128","https://fitrecepty.info/recepty/podle-kategorie/obedy-a-vecere/jarni-zavitky-s-uzenym-tofu-128/","Závitky","Jarní závitky s uzeným tofu a arašídovou omáčkou","Bezmasé"
"844","https://fitrecepty.info/recepty/podle-kategorie/snidane/jecna-kase-s-makem-a-jablky-844/","Kaše","Ječná kaše s mákem a jablky","Kaše"
"844","https://fitrecepty.info/recepty/podle-kategorie/snidane/jecna-kase-s-makem-a-jablky-844/","Ječná kaše","Ječná kaše s mákem a jablky","Snacky"
"844","https://fitrecepty.info/recepty/podle-kategorie/snidane/jecna-kase-s-makem-a-jablky-844/","Ječná kaše","Ječná kaše s mákem a jablky","Snídaně"
"386","https://fitrecepty.info/recepty/podle-kategorie/polevky/jemna-polevka-ze-zluteho-hrachu-se-zeleninou-386/","Hrachová polévka","Jemná polévka ze žlutého hrachu se zeleninou","Polévky"
"386","https://fitrecepty.info/recepty/podle-kategorie/polevky/jemna-polevka-ze-zluteho-hrachu-se-zeleninou-386/","Hrachová polévka","Jemná polévka ze žlutého hrachu se zeleninou","Luštěniny"
"386","https://fitrecepty.info/recepty/podle-kategorie/polevky/jemna-polevka-ze-zluteho-hrachu-se-zeleninou-386/","Polévky","Jemná polévka ze žlutého hrachu se zeleninou","Polévky"
"386","https://fitrecepty.info/recepty/podle-kategorie/polevky/jemna-polevka-ze-zluteho-hrachu-se-zeleninou-386/","Polévky","Jemná polévka ze žlutého hrachu se zeleninou","Luštěniny"
"811","https://fitrecepty.info/recepty/podle-kategorie/svaciny/kapustove-chipsy-811/","snacky","Kapustové chipsy","Snacky"
"387","https://fitrecepty.info/recepty/podle-kategorie/obedy-a-vecere/karbanatky-z-quonii-a-peceneho-batatu-387/","Karbanátky","Karbanátky z quonii a pečeného batátu","Hlavní jídla"
"387","https://fitrecepty.info/recepty/podle-kategorie/obedy-a-vecere/karbanatky-z-quonii-a-peceneho-batatu-387/","Karbanátky","Karbanátky z quonii a pečeného batátu","Bezmasé"
"797","https://fitrecepty.info/recepty/podle-kategorie/snidane/kase-s-lnenym-seminkem-797/","Kaše","Kaše s lněným semínkem","Kaše"
"797","https://fitrecepty.info/recepty/podle-kategorie/snidane/kase-s-lnenym-seminkem-797/","Kaše","Kaše s lněným semínkem","Snídaně"
"861","https://fitrecepty.info/recepty/podle-kategorie/napoje/kesu-mleko-861/","Domácí mléko","Kešu mléko","Nápoje"
"901","https://fitrecepty.info/recepty/podle-kategorie/zdravemlsani/kesu-zmrzlina-901/","Osvěžení","Kešu zmrzlina","Dezerty"
"862","https://fitrecepty.info/recepty/podle-kategorie/napoje/kokosove-mleko-862/","Domácí mléko","Kokosové mléko","Nápoje"
"692","https://fitrecepty.info/recepty/podle-kategorie/zdravemlsani/kokosovo-mandlova-zmrzlina-692/","Osvěžení","Kokosovo-mandlová zmrzlina","Dezerty"
"672","https://fitrecepty.info/recepty/podle-kategorie/zdravemlsani/kokosovy-pudink-672/","Dezerty","Kokosový pudink","Snídaně"
"672","https://fitrecepty.info/recepty/podle-kategorie/zdravemlsani/kokosovy-pudink-672/","Pudinky","Kokosový pudink","Dezerty"
"495","https://fitrecepty.info/recepty/podle-kategorie/zdravemlsani/kolac-s-tofu-a-brusinkami-495/","Moučníky","Koláč s tofu a brusinkami","Dezerty"
"495","https://fitrecepty.info/recepty/podle-kategorie/zdravemlsani/kolac-s-tofu-a-brusinkami-495/","Dezerty","Koláč s tofu a brusinkami","Snídaně"
"737","https://fitrecepty.info/recepty/podle-kategorie/obedy-a-vecere/kuskus-na-sladko-s-granatovym-jablkem-737/","Těstoviny","Kuskus na sladko s granátovým jablkem","Snacky"
"737","https://fitrecepty.info/recepty/podle-kategorie/obedy-a-vecere/kuskus-na-sladko-s-granatovym-jablkem-737/","Ovocný salát","Kuskus na sladko s granátovým jablkem","Saláty"
"115","https://fitrecepty.info/recepty/podle-kategorie/polevky/kvetakova-polevka-s-kokosovym-mlekem-115/","Polévky","Květáková polévka s kokosovým mlékem ","Polévky"
"604","https://fitrecepty.info/recepty/podle-kategorie/obedy-a-vecere/kvetak-s-chilli-a-rozmarynem-604/","Pikantní","Květák s chilli a rozmarýnem","Hlavní jídla"
"604","https://fitrecepty.info/recepty/podle-kategorie/obedy-a-vecere/kvetak-s-chilli-a-rozmarynem-604/","Pikantní","Květák s chilli a rozmarýnem","Bezmasé"
"910","https://fitrecepty.info/recepty/podle-kategorie/zdravemlsani/makove-kulicky-s-kakaem-910/","Moučníky","Makové kuličky s kakaem","Dezerty"
"829","https://fitrecepty.info/recepty/podle-kategorie/polevky/mangoldova-polevka-829/","Polévky","Mangoldová polévka","Polévky"
"798","https://fitrecepty.info/recepty/podle-kategorie/napoje/mleko-z-konopneho-seminka-798/","Domácí mléko","Mléko z konopného semínka","Nápoje"
"832","https://fitrecepty.info/recepty/podle-kategorie/svaciny/mrkvova-presnidavka-s-kokosovym-cukrem-832/","snacky","Mrkvová přesnídávka s kokosovým cukrem","Snacky"
"832","https://fitrecepty.info/recepty/podle-kategorie/svaciny/mrkvova-presnidavka-s-kokosovym-cukrem-832/","Přesnídávky","Mrkvová přesnídávka s kokosovým cukrem","Snídaně"
"992","https://fitrecepty.info/recepty/podle-kategorie/salatyprilohy/mrkvove-hranolky-992/","snacky","Mrkvové hranolky ","Snacky"
"992","https://fitrecepty.info/recepty/podle-kategorie/salatyprilohy/mrkvove-hranolky-992/","Hranolky","Mrkvové hranolky ","Přílohy"
"766","https://fitrecepty.info/recepty/podle-kategorie/zdravemlsani/mrkvove-kulicky-766/","Moučníky","Mrkvové kuličky","Dezerty"
"1085","https://fitrecepty.info/recepty/podle-kategorie/svaciny/mrkvovy-hummus-1085/","Dipy","Mrkvový hummus ","Omáčky, dipy"
"1085","https://fitrecepty.info/recepty/podle-kategorie/svaciny/mrkvovy-hummus-1085/","Hummus","Mrkvový hummus ","Snacky"
"1085","https://fitrecepty.info/recepty/podle-kategorie/svaciny/mrkvovy-hummus-1085/","Humus","Mrkvový hummus ","Pomazánky"
"304","https://fitrecepty.info/recepty/podle-kategorie/polevky/mungo-polevka-304/","Fazolová polévka","Mungo polévka ","Polévky"
"304","https://fitrecepty.info/recepty/podle-kategorie/polevky/mungo-polevka-304/","Pikantní","Mungo polévka ","Luštěniny"
"1132","https://fitrecepty.info/recepty/podle-kategorie/obedy-a-vecere/okurkove-gazpacho-s-avokadem-a-bazalkou-1132/","Osvěžení","Okurkové gazpacho s avokádem a bazalkou","Polévky"
"1092","https://fitrecepty.info/recepty/podle-kategorie/svaciny/okurkove-jednohubky-s-hummusem-1092/","Jednohubky","Okurkové jednohubky s hummusem","Snacky"
"1092","https://fitrecepty.info/recepty/podle-kategorie/svaciny/okurkove-jednohubky-s-hummusem-1092/","snacky","Okurkové jednohubky s hummusem","Pomazánky"
"1139","https://fitrecepty.info/recepty/podle-kategorie/salatyprilohy/okurkovy-salat-ke-grilovani-1139/","Saláty","Okurkový salát ke grilování","Saláty"
"1139","https://fitrecepty.info/recepty/podle-kategorie/salatyprilohy/okurkovy-salat-ke-grilovani-1139/","Okurkový salát","Okurkový salát ke grilování","Snacky"
"792","https://fitrecepty.info/recepty/podle-kategorie/napoje/osvezujici-limetkova-stava-792/","Osvěžení","Osvěžující limetková šťáva","Nápoje"
"513","https://fitrecepty.info/recepty/podle-kategorie/snidane/ovesna-kase-s-kokosem-513/","Kaše","Ovesná kaše s kokosem","Kaše"
"513","https://fitrecepty.info/recepty/podle-kategorie/snidane/ovesna-kase-s-kokosem-513/","Ovesná kaše","Ovesná kaše s kokosem","Snídaně"
"686","https://fitrecepty.info/recepty/podle-kategorie/polevky/ovesna-polevka-s-cizrnou-686/","Cizrnová polévka","Ovesná polévka s cizrnou","Polévky"
"686","https://fitrecepty.info/recepty/podle-kategorie/polevky/ovesna-polevka-s-cizrnou-686/","Polévky","Ovesná polévka s cizrnou","Luštěniny"
"361","https://fitrecepty.info/recepty/podle-kategorie/zdravemlsani/ovocny-krambl-361/","Moučníky","Ovocný krambl","Dezerty"
"878","https://fitrecepty.info/recepty/podle-kategorie/obedy-a-vecere/pecena-brokolice-878/","snacky","Pečená brokolice","Snacky"
"878","https://fitrecepty.info/recepty/podle-kategorie/obedy-a-vecere/pecena-brokolice-878/","snacky","Pečená brokolice","Přílohy"
"788","https://fitrecepty.info/recepty/podle-kategorie/svaciny/pecena-cizrna-s-chilli-788/","snacky","Pečená cizrna s chilli","Luštěniny"
"788","https://fitrecepty.info/recepty/podle-kategorie/svaciny/pecena-cizrna-s-chilli-788/","Pikantní","Pečená cizrna s chilli","Bezmasé"
"900","https://fitrecepty.info/recepty/podle-kategorie/obedy-a-vecere/peceny-kvetak-s-omackou-900/","Zapečené","Pečený květák s omáčkou","Omáčky, dipy"
"900","https://fitrecepty.info/recepty/podle-kategorie/obedy-a-vecere/peceny-kvetak-s-omackou-900/","Omáčky","Pečený květák s omáčkou","Hlavní jídla"
"900","https://fitrecepty.info/recepty/podle-kategorie/obedy-a-vecere/peceny-kvetak-s-omackou-900/","Omáčky","Pečený květák s omáčkou","Luštěniny"
"900","https://fitrecepty.info/recepty/podle-kategorie/obedy-a-vecere/peceny-kvetak-s-omackou-900/","Omáčky","Pečený květák s omáčkou","Bezmasé"
"863","https://fitrecepty.info/recepty/podle-kategorie/zdravemlsani/pistaciove-maslo-863/","Domácí","Pistáciové máslo","Pomazánky"
"629","https://fitrecepty.info/recepty/podle-kategorie/svaciny/pkhali-z-repy-629/","Kuličky","Pkhali z řepy","Snacky"
"337","https://fitrecepty.info/recepty/podle-kategorie/obedy-a-vecere/pohankovy-salat-s-pecenou-zeleninou-a-rukolou-337/","Saláty","Pohankový salát s pečenou zeleninou a rukolou","Saláty"
"337","https://fitrecepty.info/recepty/podle-kategorie/obedy-a-vecere/pohankovy-salat-s-pecenou-zeleninou-a-rukolou-337/","Saláty","Pohankový salát s pečenou zeleninou a rukolou","Hlavní jídla"
"337","https://fitrecepty.info/recepty/podle-kategorie/obedy-a-vecere/pohankovy-salat-s-pecenou-zeleninou-a-rukolou-337/","Saláty","Pohankový salát s pečenou zeleninou a rukolou","Bezmasé"
"857","https://fitrecepty.info/recepty/podle-kategorie/svaciny/pomazanka-z-cernych-oliv-857/","snacky","Pomazánka z černých oliv","Pomazánky"
"857","https://fitrecepty.info/recepty/podle-kategorie/svaciny/pomazanka-z-cernych-oliv-857/","Pomazánky","Pomazánka z černých oliv","Snacky"
"522","https://fitrecepty.info/recepty/podle-kategorie/obedy-a-vecere/rajcata-plnena-quinoou-522/","Plněné","Rajčata plněná quinoou","Bezmasé"
"522","https://fitrecepty.info/recepty/podle-kategorie/obedy-a-vecere/rajcata-plnena-quinoou-522/","Plněné","Rajčata plněná quinoou","Snacky"
"535","https://fitrecepty.info/recepty/podle-kategorie/obedy-a-vecere/rajcatova-chilli-ryze-535/","Pikantní","Rajčatová chilli rýže","Bezmasé"
"535","https://fitrecepty.info/recepty/podle-kategorie/obedy-a-vecere/rajcatova-chilli-ryze-535/","Pikantní","Rajčatová chilli rýže","Hlavní jídla"
"1133","https://fitrecepty.info/recepty/podle-kategorie/obedy-a-vecere/rajcatove-gazpacho-1133/","Polévky","Rajčatové gazpacho ","Polévky"
"442","https://fitrecepty.info/recepty/podle-kategorie/zdravemlsani/raw-boruvkovy-cheesecake-442/","Dezerty","Raw borůvkový cheesecake","Dezerty"
"637","https://fitrecepty.info/recepty/podle-kategorie/zdravemlsani/raw-cokoladovy-kolac-637/","Dezerty","Raw čokoládový koláč ","Dezerty"
"638","https://fitrecepty.info/recepty/podle-kategorie/zdravemlsani/raw-jahodovy-dort-638/","Dezerty","Raw jahodový dort","Dezerty"
"710","https://fitrecepty.info/recepty/podle-kategorie/zdravemlsani/raw-kulicky-710/","Dezerty","Raw kuličky","Dezerty"
"753","https://fitrecepty.info/recepty/podle-kategorie/polevky/redkvickova-polevka-s-koprem-753/","Polévky","Ředkvičková polévka s koprem","Polévky"
"762","https://fitrecepty.info/recepty/podle-kategorie/svaciny/repny-hummus-s-rozmarynem-762/","Dipy","Řepný hummus s rozmarýnem","Pomazánky"
"762","https://fitrecepty.info/recepty/podle-kategorie/svaciny/repny-hummus-s-rozmarynem-762/","Hummus","Řepný hummus s rozmarýnem","Omáčky, dipy"
"762","https://fitrecepty.info/recepty/podle-kategorie/svaciny/repny-hummus-s-rozmarynem-762/","Humus","Řepný hummus s rozmarýnem","Snacky"
"615","https://fitrecepty.info/recepty/podle-kategorie/svaciny/rolky-z-cukety-a-lilku-615/","Jednohubky","Rolky z cukety a lilku","Snacky"
"937","https://fitrecepty.info/recepty/podle-kategorie/obedy-a-vecere/rychla-fazolova-omacka-s-kari-937/","Omáčky","Rychlá fazolová omáčka s kari","Omáčky, dipy"
"937","https://fitrecepty.info/recepty/podle-kategorie/obedy-a-vecere/rychla-fazolova-omacka-s-kari-937/","Pikantní","Rychlá fazolová omáčka s kari","Luštěniny"
"937","https://fitrecepty.info/recepty/podle-kategorie/obedy-a-vecere/rychla-fazolova-omacka-s-kari-937/","Pikantní","Rychlá fazolová omáčka s kari","Hlavní jídla"
"937","https://fitrecepty.info/recepty/podle-kategorie/obedy-a-vecere/rychla-fazolova-omacka-s-kari-937/","Pikantní","Rychlá fazolová omáčka s kari","Bezmasé"
"804","https://fitrecepty.info/recepty/podle-kategorie/zdravemlsani/rychly-bananovy-dezert-804/","Moučníky","Rychlý banánový dezert","Dezerty"
"1039","https://fitrecepty.info/recepty/podle-kategorie/svaciny/salat-z-cervene-repy-1039/","Saláty","Salát z červené řepy","Saláty"
"1039","https://fitrecepty.info/recepty/podle-kategorie/svaciny/salat-z-cervene-repy-1039/","Salát z červené řepy","Salát z červené řepy","Snacky"
"721","https://fitrecepty.info/recepty/podle-kategorie/napoje/shake-z-ovesneho-napoje-s-jablkem-721/","Shaky","Shake z ovesného nápoje s jablkem","Nápoje"
"550","https://fitrecepty.info/recepty/podle-kategorie/zdravemlsani/skoricove-tycinky-550/","tyčinky","Skořicové tyčinky","Snacky"
"360","https://fitrecepty.info/recepty/podle-kategorie/svaciny/sladky-kuskus-360/","Těstoviny","Sladký kuskus","Saláty"
"360","https://fitrecepty.info/recepty/podle-kategorie/svaciny/sladky-kuskus-360/","Ovocný salát","Sladký kuskus","Snacky"
"625","https://fitrecepty.info/recepty/podle-kategorie/svaciny/slane-spaldove-susenky-625/","snacky","Slané špaldové sušenky","Snacky"
"875","https://fitrecepty.info/recepty/podle-kategorie/obedy-a-vecere/smes-s-tofu-a-brokolici-875/","Směsi","Směs s tofu a brokolicí","Bezmasé"
"875","https://fitrecepty.info/recepty/podle-kategorie/obedy-a-vecere/smes-s-tofu-a-brokolici-875/","Směsi","Směs s tofu a brokolicí","Hlavní jídla"
"776","https://fitrecepty.info/recepty/podle-kategorie/napoje/smoothie-s-rapikatym-celerem-776/","Osvěžení","Smoothie s řapíkatým celerem","Smoothie"
"776","https://fitrecepty.info/recepty/podle-kategorie/napoje/smoothie-s-rapikatym-celerem-776/","Smoothie","Smoothie s řapíkatým celerem","Snídaně"
"777","https://fitrecepty.info/recepty/podle-kategorie/napoje/smoothie-z-vodniho-melounu-777/","Osvěžení","Smoothie z vodního melounu","Smoothie"
"777","https://fitrecepty.info/recepty/podle-kategorie/napoje/smoothie-z-vodniho-melounu-777/","Smoothie","Smoothie z vodního melounu","Snídaně"
"643","https://fitrecepty.info/recepty/podle-kategorie/napoje/spenatove-smoothie-s-kiwi-643/","Osvěžení","Špenátové smoothie s kiwi","Smoothie"
"643","https://fitrecepty.info/recepty/podle-kategorie/napoje/spenatove-smoothie-s-kiwi-643/","Smoothie","Špenátové smoothie s kiwi","Snídaně"
"734","https://fitrecepty.info/recepty/podle-kategorie/polevky/studena-rajcatova-polevka-734/","Polévky","Studená rajčatová polévka","Polévky"
"365","https://fitrecepty.info/recepty/podle-kategorie/svaciny/svestkovo-pomerancovy-bulgur-365/","snacky","Švestkovo - pomerančový bulgur","Snacky"
"152","https://fitrecepty.info/recepty/podle-kategorie/obedy-a-vecere/tempeh-s-mrkvi-a-pohankou-152/","Tempeh","Tempeh s mrkví a pohankou","Hlavní jídla"
"152","https://fitrecepty.info/recepty/podle-kategorie/obedy-a-vecere/tempeh-s-mrkvi-a-pohankou-152/","Tempeh","Tempeh s mrkví a pohankou","Bezmasé"
"129","https://fitrecepty.info/recepty/podle-kategorie/obedy-a-vecere/thajske-zelene-kari-129/","Omáčky","Thajské zelené kari","Hlavní jídla"
"129","https://fitrecepty.info/recepty/podle-kategorie/obedy-a-vecere/thajske-zelene-kari-129/","Pikantní","Thajské zelené kari","Omáčky, dipy"
"129","https://fitrecepty.info/recepty/podle-kategorie/obedy-a-vecere/thajske-zelene-kari-129/","Pikantní","Thajské zelené kari","Bezmasé"
"1127","https://fitrecepty.info/recepty/podle-kategorie/zdravemlsani/veganska-cokoladova-mousse-s-tresnemi-1127/","Dezerty","Veganská čokoládová mousse s třešněmi","Dezerty"
"922","https://fitrecepty.info/recepty/podle-kategorie/snidane/veganske-brownies-922/","Moučníky","Veganské brownies","Dezerty"
"810","https://fitrecepty.info/recepty/podle-kategorie/polevky/zampionova-polevka-810/","Polévky","Žampionová polévka","Polévky"
"630","https://fitrecepty.info/recepty/podle-kategorie/obedy-a-vecere/zampiony-plnene-kukuricnym-pyre-630/","Kaše","Žampiony plněné kukuřičným pyré","Bezmasé"
"630","https://fitrecepty.info/recepty/podle-kategorie/obedy-a-vecere/zampiony-plnene-kukuricnym-pyre-630/","Plněné","Žampiony plněné kukuřičným pyré","Snacky"
"893","https://fitrecepty.info/recepty/podle-kategorie/napoje/zazvorovy-panak-pro-silnou-imunitu-893/","Osvěžení","Zázvorový panák pro silnou imunitu","Nápoje"
"1106","https://fitrecepty.info/recepty/podle-kategorie/snidane/zelena-ovesna-kase-1106/","Kaše","Zelená ovesná kaše ","Kaše"
"1106","https://fitrecepty.info/recepty/podle-kategorie/snidane/zelena-ovesna-kase-1106/","Ovesná kaše","Zelená ovesná kaše ","Snídaně"
"209","https://fitrecepty.info/recepty/podle-kategorie/obedy-a-vecere/zeleninova-smes-se-sojou-a-ryzovymi-nudlemi-209/","Nudle","Zeleninová směs se sójou a ryžovými nudlemi ","Hlavní jídla"
"209","https://fitrecepty.info/recepty/podle-kategorie/obedy-a-vecere/zeleninova-smes-se-sojou-a-ryzovymi-nudlemi-209/","Směsi","Zeleninová směs se sójou a ryžovými nudlemi ","Bezmasé"
"362","https://fitrecepty.info/recepty/podle-kategorie/obedy-a-vecere/zitne-halusky-se-zelim-a-tempehem-362/","Tempeh","Žitné halušky se zelím a tempehem","Hlavní jídla"
"362","https://fitrecepty.info/recepty/podle-kategorie/obedy-a-vecere/zitne-halusky-se-zelim-a-tempehem-362/","Tempeh","Žitné halušky se zelím a tempehem","Bezmasé"
"988","https://fitrecepty.info/recepty/podle-kategorie/obedy-a-vecere/zoodles-s-avokadovou-omackou-988/","Nudle","Zoodles s avokádovou omáčkou","Omáčky, dipy"
"988","https://fitrecepty.info/recepty/podle-kategorie/obedy-a-vecere/zoodles-s-avokadovou-omackou-988/","Omáčky","Zoodles s avokádovou omáčkou","Hlavní jídla"
"988","https://fitrecepty.info/recepty/podle-kategorie/obedy-a-vecere/zoodles-s-avokadovou-omackou-988/","Omáčky","Zoodles s avokádovou omáčkou","Bezmasé"
"985","https://fitrecepty.info/recepty/podle-kategorie/snidane/dynove-livance-s-podmaslim-985/","Moučníky","Dýňové lívance s podmáslím ","Dezerty"
"985","https://fitrecepty.info/recepty/podle-kategorie/snidane/dynove-livance-s-podmaslim-985/","Lívance","Dýňové lívance s podmáslím ","Snídaně"
"590","https://fitrecepty.info/recepty/podle-kategorie/snidane/cuketove-muffiny-s-fetou-590/","Muffiny","Cuketové muffiny s fetou","Dezerty"
"590","https://fitrecepty.info/recepty/podle-kategorie/snidane/cuketove-muffiny-s-fetou-590/","snacky","Cuketové muffiny s fetou","Snídaně"
"590","https://fitrecepty.info/recepty/podle-kategorie/snidane/cuketove-muffiny-s-fetou-590/","snacky","Cuketové muffiny s fetou","Snacky"
"140","https://fitrecepty.info/recepty/podle-kategorie/snidane/ovesna-kase-pres-noc-140/","Kaše","Ovesná kaše přes noc","Kaše"
"140","https://fitrecepty.info/recepty/podle-kategorie/snidane/ovesna-kase-pres-noc-140/","Kaše přes noc","Ovesná kaše přes noc","Snídaně"
"15","https://fitrecepty.info/recepty/podle-kategorie/napoje/boruvkove-smoothie-s-kaderavkem-15/","Osvěžení","Borůvkové smoothie s kadeřávkem","Smoothie"
"15","https://fitrecepty.info/recepty/podle-kategorie/napoje/boruvkove-smoothie-s-kaderavkem-15/","Smoothie","Borůvkové smoothie s kadeřávkem","Snídaně"
"1048","https://fitrecepty.info/recepty/podle-kategorie/zdravemlsani/kvetakove-brownies-1126-1048/","Moučníky","Květákové brownies","Dezerty"
"1048","https://fitrecepty.info/recepty/podle-kategorie/zdravemlsani/kvetakove-brownies-1126-1048/","Dezerty","Květákové brownies","Snacky"
"592","https://fitrecepty.info/recepty/podle-kategorie/zdravemlsani/mrkvovy-dort-592/","dorty","Mrkvový dort","Dezerty"
"833","https://fitrecepty.info/recepty/podle-kategorie/svaciny/bananova-presnidavka-833/","snacky","Banánová přesnídávka","Snídaně"
"833","https://fitrecepty.info/recepty/podle-kategorie/svaciny/bananova-presnidavka-833/","Přesnídávky","Banánová přesnídávka","Snacky"
"119","https://fitrecepty.info/recepty/podle-kategorie/svaciny/rychle-tunakove-toasty-119/","Toasty","Rychlé tuňákové toasty","Snacky"
"119","https://fitrecepty.info/recepty/podle-kategorie/svaciny/rychle-tunakove-toasty-119/","Toasty","Rychlé tuňákové toasty","Ryby"
"1098","https://fitrecepty.info/recepty/podle-kategorie/obedy-a-vecere/testovinovy-salat-s-vajicky-1098/","Saláty","Těstovinový salát s vajíčky","Saláty"
"1098","https://fitrecepty.info/recepty/podle-kategorie/obedy-a-vecere/testovinovy-salat-s-vajicky-1098/","Těstoviny","Těstovinový salát s vajíčky","Hlavní jídla"
"1098","https://fitrecepty.info/recepty/podle-kategorie/obedy-a-vecere/testovinovy-salat-s-vajicky-1098/","Těstoviny","Těstovinový salát s vajíčky","Bezmasé"
"572","https://fitrecepty.info/recepty/podle-kategorie/obedy-a-vecere/krevetove-rizoto-572/","Rizoto","Krevetové rizoto","Mořské plody"
"572","https://fitrecepty.info/recepty/podle-kategorie/obedy-a-vecere/krevetove-rizoto-572/","Rizoto","Krevetové rizoto","Hlavní jídla"
"251","https://fitrecepty.info/recepty/podle-kategorie/salatyprilohy/cuketove-hranolky-251/","snacky","Cuketové hranolky","Snacky"
"251","https://fitrecepty.info/recepty/podle-kategorie/salatyprilohy/cuketove-hranolky-251/","Hranolky","Cuketové hranolky","Přílohy"
"1079","https://fitrecepty.info/recepty/podle-kategorie/salatyprilohy/okurkovy-salat-1079/","Saláty","Okurkový salát ","Saláty"
"1079","https://fitrecepty.info/recepty/podle-kategorie/salatyprilohy/okurkovy-salat-1079/","Okurkový salát","Okurkový salát ","Přílohy"
"517","https://fitrecepty.info/recepty/podle-kategorie/salatyprilohy/rychly-cizrnovy-salat-517/","Saláty","Rychlý cizrnový salát","Saláty"
"517","https://fitrecepty.info/recepty/podle-kategorie/salatyprilohy/rychly-cizrnovy-salat-517/","Cizrnový salát","Rychlý cizrnový salát","Luštěniny"
"729","https://fitrecepty.info/recepty/podle-kategorie/salatyprilohy/mrkvovy-salat-729/","Saláty","Mrkvový salát","Saláty"
"58","https://fitrecepty.info/recepty/podle-kategorie/salatyprilohy/mrkvovo-bramborova-kase-58/","Brambory","Mrkvovo-bramborová kaše","Přílohy"
"959","https://fitrecepty.info/recepty/podle-kategorie/vanocni/celozrnne-piskoty-959/","Cukroví","Celozrnné piškoty","Dezerty"
"959","https://fitrecepty.info/recepty/podle-kategorie/vanocni/celozrnne-piskoty-959/","snacky","Celozrnné piškoty","Snacky"
"1010","https://fitrecepty.info/recepty/podle-kategorie/vanocni/spaldova-linecka-kolecka-1010/","Moučníky","Špaldová linecká kolečka","Dezerty"
"1010","https://fitrecepty.info/recepty/podle-kategorie/vanocni/spaldova-linecka-kolecka-1010/","Dezerty","Špaldová linecká kolečka","Vánoce"
"357","https://fitrecepty.info/recepty/podle-kategorie/vanocni/palacinky-se-skorici-a-jablky-357/","Moučníky","Palačinky se skořicí a jablky","Dezerty"
"357","https://fitrecepty.info/recepty/podle-kategorie/vanocni/palacinky-se-skorici-a-jablky-357/","Dezerty","Palačinky se skořicí a jablky","Snídaně"
"369","https://fitrecepty.info/recepty/podle-kategorie/vanocni/kokosova-rolada-369/","Moučníky","Kokosová roláda","Dezerty"
"369","https://fitrecepty.info/recepty/podle-kategorie/vanocni/kokosova-rolada-369/","Dezerty","Kokosová roláda","Vánoce"
"967","https://fitrecepty.info/recepty/podle-kategorie/vanocni/liskooriskove-kulicky-ferrero-967/","Moučníky","Lískooříškové kuličky ","Dezerty"
"967","https://fitrecepty.info/recepty/podle-kategorie/vanocni/liskooriskove-kulicky-ferrero-967/","Kuličky","Lískooříškové kuličky ","Vánoce"
"374","https://fitrecepty.info/recepty/podle-kategorie/vanocni/linecky-kolac-374/","Moučníky","Linecký koláč","Dezerty"
"374","https://fitrecepty.info/recepty/podle-kategorie/vanocni/linecky-kolac-374/","Dezerty","Linecký koláč","Vánoce"
"410","https://fitrecepty.info/recepty/podle-kategorie/vanocni/vosi-hnizda-410/","Moučníky","Vosí hnízda","Dezerty"
"410","https://fitrecepty.info/recepty/podle-kategorie/vanocni/vosi-hnizda-410/","Dezerty","Vosí hnízda","Vánoce"
"335","https://fitrecepty.info/recepty/podle-kategorie/vanocni/vanilkove-rohlicky-z-pohankove-mouky-335/","Moučníky","Vanilkové rohlíčky z pohankové mouky","Dezerty"
"335","https://fitrecepty.info/recepty/podle-kategorie/vanocni/vanilkove-rohlicky-z-pohankove-mouky-335/","Dezerty","Vanilkové rohlíčky z pohankové mouky","Vánoce"
"1054","https://fitrecepty.info/recepty/podle-kategorie/vanocni/celozrnna-vanocka-1219-1054/","Moučníky","Celozrnná vánočka","Vánoce"
"1054","https://fitrecepty.info/recepty/podle-kategorie/vanocni/celozrnna-vanocka-1219-1054/","Dezerty","Celozrnná vánočka","Dezerty"
"1011","https://fitrecepty.info/recepty/podle-kategorie/vanocni/vanilkove-rohlicky-1011/","Moučníky","Vanilkové rohlíčky","Vánoce"
"1011","https://fitrecepty.info/recepty/podle-kategorie/vanocni/vanilkove-rohlicky-1011/","Dezerty","Vanilkové rohlíčky","Dezerty"
"930","https://fitrecepty.info/recepty/podle-kategorie/vanocni/nepecene-bananove-kulicky-930/","Moučníky","Nepečené banánové kuličky ","Vánoce"
"930","https://fitrecepty.info/recepty/podle-kategorie/vanocni/nepecene-bananove-kulicky-930/","Kuličky","Nepečené banánové kuličky ","Dezerty"
"1052","https://fitrecepty.info/recepty/podle-kategorie/vanocni/zitne-pernicky-1217-1052/","Moučníky","Žitné perníčky","Vánoce"
"1052","https://fitrecepty.info/recepty/podle-kategorie/vanocni/zitne-pernicky-1217-1052/","Dezerty","Žitné perníčky","Dezerty"
"187","https://fitrecepty.info/recepty/podle-kategorie/pomazanky/domaci-lucina-zakladni-recept-187/","Domácí lučina","Domácí lučina - základní recept","Pomazánky"
"187","https://fitrecepty.info/recepty/podle-kategorie/pomazanky/domaci-lucina-zakladni-recept-187/","Domácí","Domácí lučina - základní recept","Snacky"
"802","https://fitrecepty.info/recepty/podle-kategorie/pomazanky/avokadovy-dip-802/","snacky","Avokádový dip","Omáčky, dipy"
"802","https://fitrecepty.info/recepty/podle-kategorie/pomazanky/avokadovy-dip-802/","Dipy","Avokádový dip","Pomazánky"
"802","https://fitrecepty.info/recepty/podle-kategorie/pomazanky/avokadovy-dip-802/","Pomazánky","Avokádový dip","Snacky"
"210","https://fitrecepty.info/recepty/podle-kategorie/pomazanky/prepustene-maslo-ghee-210/","Domácí","Přepuštěné máslo (ghee)","Pomazánky"
"656","https://fitrecepty.info/recepty/podle-kategorie/pomazanky/dip-z-arasidoveho-masla-656/","snacky","Dip z arašídového másla ","Omáčky, dipy"
"656","https://fitrecepty.info/recepty/podle-kategorie/pomazanky/dip-z-arasidoveho-masla-656/","Dipy","Dip z arašídového másla ","Snacky"
"656","https://fitrecepty.info/recepty/podle-kategorie/pomazanky/dip-z-arasidoveho-masla-656/","Pomazánky","Dip z arašídového másla ","Pomazánky"
"368","https://fitrecepty.info/recepty/podle-kategorie/vanocni/raffaello-kulicky-368/","Moučníky","Raffaello kuličky","Dezerty"
"368","https://fitrecepty.info/recepty/podle-kategorie/vanocni/raffaello-kulicky-368/","Kuličky","Raffaello kuličky","Vánoce"
"953","https://fitrecepty.info/recepty/podle-kategorie/vanocni/mandlova-kolecka-953/","Moučníky","Mandlová kolečka","Vánoce"
"953","https://fitrecepty.info/recepty/podle-kategorie/vanocni/mandlova-kolecka-953/","Dezerty","Mandlová kolečka","Dezerty"
