id,url,tags,title,nase_tagy
1,https://fitrecepty.info/recepty/podle-kategorie/snidane/amarantova-kase-s-bananem-921/,Kaše,Amarantová kaše s banánem ,Snídaně
2,https://fitrecepty.info/recepty/podle-kategorie/snidane/amarantova-kase-s-bananem-921/,Kaše,Amarantová kaše s banánem ,Kaše
3,https://fitrecepty.info/recepty/podle-kategorie/napoje/ananasove-smoothie-933/,Osvěžení,Ananasové smoothie,Smoothie
4,https://fitrecepty.info/recepty/podle-kategorie/napoje/ananasove-smoothie-933/,Smoothie,Ananasové smoothie,Snídaně
5,https://fitrecepty.info/recepty/podle-kategorie/zdravemlsani/ananasovy-sorbet-646/,Osvěžení,Ananasový sorbet,Dezerty
6,https://fitrecepty.info/recepty/podle-kategorie/svaciny/avokadova-majoneza-897/,snacky,Avokádová majonéza,"Omáčky, dipy"
7,https://fitrecepty.info/recepty/podle-kategorie/snidane/banana-vegan-smoothie-bowl-603/,Smoothie,Banana vegan smoothie bowl,Smoothie
8,https://fitrecepty.info/recepty/podle-kategorie/snidane/banana-vegan-smoothie-bowl-603/,Bowl,Banana vegan smoothie bowl,Snídaně
9,https://fitrecepty.info/recepty/podle-kategorie/zdravemlsani/bananova-zmrzlina-s-acai-a-boruvkami-771/,Osvěžení,Banánová zmrzlina s acai a borůvkami,Dezerty
10,https://fitrecepty.info/recepty/podle-kategorie/napoje/bananove-smoothie-s-kokosem-658/,Osvěžení,Banánové smoothie s kokosem,Smoothie
11,https://fitrecepty.info/recepty/podle-kategorie/napoje/bananove-smoothie-s-kokosem-658/,Smoothie,Banánové smoothie s kokosem,Snídaně
12,https://fitrecepty.info/recepty/podle-kategorie/napoje/bananove-smoothie-s-repou-642/,Osvěžení,Banánové smoothie s řepou,Smoothie
13,https://fitrecepty.info/recepty/podle-kategorie/napoje/bananove-smoothie-s-repou-642/,Smoothie,Banánové smoothie s řepou,Snídaně
14,https://fitrecepty.info/recepty/podle-kategorie/polevky/batatova-polevka-s-kari-727/,Pikantní,Batátová polévka s kari,Polévky
15,https://fitrecepty.info/recepty/podle-kategorie/obedy-a-vecere/batatovy-falafel-1145/,Falafel,Batátový falafel,Hlavní jídla
16,https://fitrecepty.info/recepty/podle-kategorie/obedy-a-vecere/batatovy-falafel-1145/,Falafel,Batátový falafel,Bezmasé
17,https://fitrecepty.info/recepty/podle-kategorie/napoje/boruvkove-smoothie-713/,Osvěžení,Borůvkové smoothie,Smoothie
18,https://fitrecepty.info/recepty/podle-kategorie/napoje/boruvkove-smoothie-713/,Smoothie,Borůvkové smoothie,Snídaně
19,https://fitrecepty.info/recepty/podle-kategorie/obedy-a-vecere/bramborovy-salat-s-medvedim-cesnekem-1116/,Saláty,Bramborový salát s medvědím česnekem ,Hlavní jídla
20,https://fitrecepty.info/recepty/podle-kategorie/obedy-a-vecere/bramborovy-salat-s-medvedim-cesnekem-1116/,Bramborový salát,Bramborový salát s medvědím česnekem ,Bezmasé
21,https://fitrecepty.info/recepty/podle-kategorie/obedy-a-vecere/bramborovy-salat-s-medvedim-cesnekem-1116/,Brambory,Bramborový salát s medvědím česnekem ,Saláty
22,https://fitrecepty.info/recepty/podle-kategorie/snidane/bananove-livance-774/,Moučníky,Banánové lívance,Snídaně
23,https://fitrecepty.info/recepty/podle-kategorie/snidane/bananove-livance-774/,Lívance,Banánové lívance,Dezerty
24,https://fitrecepty.info/recepty/podle-kategorie/snidane/vajickove-muffiny-588/,Muffiny,Vajíčkové muffiny,Snídaně
25,https://fitrecepty.info/recepty/podle-kategorie/snidane/vajickove-muffiny-588/,snacky,Vajíčkové muffiny,Snacky
26,https://fitrecepty.info/recepty/podle-kategorie/snidane/ovesne-susenky-723/,snacky,Ovesné sušenky,Snacky
27,https://fitrecepty.info/recepty/podle-kategorie/snidane/ovesne-susenky-723/,Sušenky,Ovesné sušenky,Dezerty
28,https://fitrecepty.info/recepty/podle-kategorie/snidane/ovesne-susenky-723/,Sušenky,Ovesné sušenky,Snídaně
29,https://fitrecepty.info/recepty/podle-kategorie/snidane/granola-muffiny-1075/,Moučníky,Granola muffiny ,Snídaně
30,https://fitrecepty.info/recepty/podle-kategorie/snidane/granola-muffiny-1075/,Muffiny,Granola muffiny ,Dezerty
31,https://fitrecepty.info/recepty/podle-kategorie/snidane/granola-muffiny-1075/,Dezerty,Granola muffiny ,Snacky
32,https://fitrecepty.info/recepty/podle-kategorie/snidane/skoricove-vafle-s-kefirem-998/,Moučníky,Skořicové vafle s kefírem ,Dezerty
33,https://fitrecepty.info/recepty/podle-kategorie/snidane/palacinky-s-arasidovym-maslem-524/,Moučníky,Palačinky s arašídovým máslem,Dezerty
34,https://fitrecepty.info/recepty/podle-kategorie/snidane/palacinky-s-arasidovym-maslem-524/,Dezerty,Palačinky s arašídovým máslem,Snídaně
35,https://fitrecepty.info/recepty/podle-kategorie/snidane/cokoladove-palacinky-726-1033/,Moučníky,Čokoládové palačinky,Dezerty
36,https://fitrecepty.info/recepty/podle-kategorie/snidane/cokoladove-palacinky-726-1033/,Dezerty,Čokoládové palačinky,Snídaně
37,https://fitrecepty.info/recepty/podle-kategorie/snidane/cuketove-palacinky-917/,snacky,Cuketové palačinky ,Snacky
38,https://fitrecepty.info/recepty/podle-kategorie/snidane/cuketove-palacinky-917/,Palačinky,Cuketové palačinky ,Snídaně
39,https://fitrecepty.info/recepty/podle-kategorie/snidane/snidanove-bananove-muffiny-132/,Moučníky,Snídaňové banánové muffiny,Snídaně
40,https://fitrecepty.info/recepty/podle-kategorie/snidane/snidanove-bananove-muffiny-132/,Muffiny,Snídaňové banánové muffiny,Dezerty
41,https://fitrecepty.info/recepty/podle-kategorie/snidane/snidanove-bananove-muffiny-132/,Dezerty,Snídaňové banánové muffiny,Snacky
42,https://fitrecepty.info/recepty/podle-kategorie/snidane/livance-z-cottage-syru-179/,Moučníky,Lívance z cottage sýru,Dezerty
43,https://fitrecepty.info/recepty/podle-kategorie/snidane/livance-z-cottage-syru-179/,Lívance,Lívance z cottage sýru,Snídaně
44,https://fitrecepty.info/recepty/podle-kategorie/snidane/bezlepkove-livance-z-kokosove-mouky-939/,Moučníky,Bezlepkové lívance z kokosové mouky ,Dezerty
45,https://fitrecepty.info/recepty/podle-kategorie/snidane/bezlepkove-livance-z-kokosove-mouky-939/,Lívance,Bezlepkové lívance z kokosové mouky ,Snídaně
46,https://fitrecepty.info/recepty/podle-kategorie/snidane/zitny-chlebrugbrd-1099/,Domácí,Žitný chléb/Rugbr?d,Pečivo
47,https://fitrecepty.info/recepty/podle-kategorie/napoje/smoothie-s-arasidovym-maslem-173/,Smoothie,Smoothie s arašídovým máslem,Snídaně
48,https://fitrecepty.info/recepty/podle-kategorie/napoje/smoothie-s-arasidovym-maslem-173/,Smoothie,Smoothie s arašídovým máslem,Smoothie
49,https://fitrecepty.info/recepty/podle-kategorie/napoje/zelene-smoothie-z-avokada-ananasu-a-bananu-16/,Osvěžení,"Zelené smoothie z avokáda, banánu a ananasu",Smoothie
50,https://fitrecepty.info/recepty/podle-kategorie/napoje/zelene-smoothie-z-avokada-ananasu-a-bananu-16/,Smoothie,"Zelené smoothie z avokáda, banánu a ananasu",Snídaně
51,https://fitrecepty.info/recepty/podle-kategorie/napoje/power-smoothie-538/,Osvěžení,Power smoothie,Smoothie
52,https://fitrecepty.info/recepty/podle-kategorie/napoje/power-smoothie-538/,Smoothie,Power smoothie,Snídaně
53,https://fitrecepty.info/recepty/podle-kategorie/napoje/detox-smoothie-1290-1111/,Osvěžení,Detox smoothie,Smoothie
54,https://fitrecepty.info/recepty/podle-kategorie/napoje/detox-smoothie-1290-1111/,Smoothie,Detox smoothie,Snídaně
55,https://fitrecepty.info/recepty/podle-kategorie/napoje/blueberry-muffin-smoothie-999/,Smoothie,Blueberry muffin smoothie ,Snídaně
56,https://fitrecepty.info/recepty/podle-kategorie/napoje/blueberry-muffin-smoothie-999/,Smoothie,Blueberry muffin smoothie ,Smoothie
57,https://fitrecepty.info/recepty/podle-kategorie/napoje/smoothie-s-granatovym-jablkem-640/,Osvěžení,Smoothie s jahodami a granátovým jablkem,Smoothie
58,https://fitrecepty.info/recepty/podle-kategorie/napoje/smoothie-s-granatovym-jablkem-640/,Smoothie,Smoothie s jahodami a granátovým jablkem,Snídaně
59,https://fitrecepty.info/recepty/podle-kategorie/napoje/kavovo-bananove-smoothie-123/,Osvěžení,Kávovo-banánové smoothie,Smoothie
60,https://fitrecepty.info/recepty/podle-kategorie/napoje/kavovo-bananove-smoothie-123/,Smoothie,Kávovo-banánové smoothie,Snídaně
61,https://fitrecepty.info/recepty/podle-kategorie/napoje/rebarborova-limonada-1124/,Osvěžení,Rebarborová limonáda,Nápoje
62,https://fitrecepty.info/recepty/podle-kategorie/napoje/jablecno-hruskove-smoothie-845/,Osvěžení,Jablečno-hruškové smoothie,Smoothie
63,https://fitrecepty.info/recepty/podle-kategorie/napoje/jablecno-hruskove-smoothie-845/,Smoothie,Jablečno-hruškové smoothie,Snídaně
64,https://fitrecepty.info/recepty/podle-kategorie/napoje/avokadovy-shake-s-proteinem-662/,Shaky,Avokádový shake s proteinem,Nápoje
65,https://fitrecepty.info/recepty/podle-kategorie/napoje/okurkove-smoothie-659/,Osvěžení,Okurkové smoothie,Smoothie
66,https://fitrecepty.info/recepty/podle-kategorie/napoje/okurkove-smoothie-659/,Smoothie,Okurkové smoothie,Snídaně
67,https://fitrecepty.info/recepty/podle-kategorie/napoje/spenatove-smoothie-s-chia-seminky-827/,Osvěžení,Špenátové smoothie s chia semínky,Smoothie
68,https://fitrecepty.info/recepty/podle-kategorie/napoje/spenatove-smoothie-s-chia-seminky-827/,Smoothie,Špenátové smoothie s chia semínky,Snídaně
69,https://fitrecepty.info/recepty/podle-kategorie/zdravemlsani/cokoladove-muffiny-z-tvarohoveho-testa-1009/,Moučníky,Čokoládové muffiny z tvarohového těsta,Dezerty
70,https://fitrecepty.info/recepty/podle-kategorie/zdravemlsani/cokoladove-muffiny-z-tvarohoveho-testa-1009/,Muffiny,Čokoládové muffiny z tvarohového těsta,Snídaně
71,https://fitrecepty.info/recepty/podle-kategorie/zdravemlsani/cokoladove-muffiny-z-tvarohoveho-testa-1009/,Dezerty,Čokoládové muffiny z tvarohového těsta,Snacky
72,https://fitrecepty.info/recepty/podle-kategorie/zdravemlsani/bounty-kulicky-1102/,Moučníky,Bounty kuličky,Dezerty
73,https://fitrecepty.info/recepty/podle-kategorie/zdravemlsani/avokadovy-pudink-68/,Dezerty,Avokádový pudink ,Snídaně
74,https://fitrecepty.info/recepty/podle-kategorie/zdravemlsani/avokadovy-pudink-68/,Pudinky,Avokádový pudink ,Dezerty
75,https://fitrecepty.info/recepty/podle-kategorie/zdravemlsani/cokoladovy-pudink-s-chia-seminky-a-ovocem-42/,Dezerty,Čokoládový chia pudink,Snídaně
76,https://fitrecepty.info/recepty/podle-kategorie/zdravemlsani/cokoladovy-pudink-s-chia-seminky-a-ovocem-42/,Pudinky,Čokoládový chia pudink,Dezerty
77,https://fitrecepty.info/recepty/podle-kategorie/zdravemlsani/brownies-s-arasidovym-maslem-650/,Moučníky,Brownies s arašídovým máslem,Dezerty
78,https://fitrecepty.info/recepty/podle-kategorie/zdravemlsani/merunkovy-kolac-s-ovesnymi-vlockami-1138/,Moučníky,Meruňkový koláč s ovesnými vločkami ,Snídaně
79,https://fitrecepty.info/recepty/podle-kategorie/zdravemlsani/merunkovy-kolac-s-ovesnymi-vlockami-1138/,Dezerty,Meruňkový koláč s ovesnými vločkami ,Dezerty
80,https://fitrecepty.info/recepty/podle-kategorie/zdravemlsani/mrkvove-muffiny-174/,Moučníky,Mrkvové muffiny,Dezerty
81,https://fitrecepty.info/recepty/podle-kategorie/zdravemlsani/mrkvove-muffiny-174/,Muffiny,Mrkvové muffiny,Snídaně
82,https://fitrecepty.info/recepty/podle-kategorie/zdravemlsani/mrkvove-muffiny-174/,Dezerty,Mrkvové muffiny,Snacky
83,https://fitrecepty.info/recepty/podle-kategorie/zdravemlsani/celozrnna-babovka-890/,Moučníky,Celozrnná bábovka,Dezerty
84,https://fitrecepty.info/recepty/podle-kategorie/zdravemlsani/celozrnna-babovka-890/,Dezerty,Celozrnná bábovka,Snídaně
85,https://fitrecepty.info/recepty/podle-kategorie/zdravemlsani/cokoladova-buchta-s-proteinem-416/,Moučníky,Čokoládová buchta s proteinem,Dezerty
86,https://fitrecepty.info/recepty/podle-kategorie/zdravemlsani/cokoladova-buchta-s-proteinem-416/,Dezerty,Čokoládová buchta s proteinem,Snídaně
87,https://fitrecepty.info/recepty/podle-kategorie/zdravemlsani/tvarohovo-jahodovy-dort-292/,dorty,Tvarohovo-jahodový dort,Dezerty
88,https://fitrecepty.info/recepty/podle-kategorie/zdravemlsani/bezlepkove-cokoladove-susenky-1112/,snacky,Bezlepkové čokoládové sušenky  ,Dezerty
89,https://fitrecepty.info/recepty/podle-kategorie/zdravemlsani/bananovy-kolac-s-tvarohem-a-arasidovym-maslem-1076/,Moučníky,Banánový koláč s tvarohem a arašídovým máslem ,Dezerty
90,https://fitrecepty.info/recepty/podle-kategorie/zdravemlsani/bananovy-kolac-s-tvarohem-a-arasidovym-maslem-1076/,Dezerty,Banánový koláč s tvarohem a arašídovým máslem ,Snídaně
91,https://fitrecepty.info/recepty/podle-kategorie/svaciny/caprese-jednohubky-1093/,Jednohubky,Caprese jednohubky ,Snacky
92,https://fitrecepty.info/recepty/podle-kategorie/svaciny/vajickova-pomazanka-z-domaci-luciny-191/,snacky,Vajíčková pomazánka z domácí lučiny,Snacky
93,https://fitrecepty.info/recepty/podle-kategorie/svaciny/vajickova-pomazanka-z-domaci-luciny-191/,Domácí lučina,Vajíčková pomazánka z domácí lučiny,Pomazánky
94,https://fitrecepty.info/recepty/podle-kategorie/svaciny/vajickovy-salat-1271-1088/,Saláty,Vajíčkový salát,Saláty
95,https://fitrecepty.info/recepty/podle-kategorie/svaciny/vajickovy-salat-1271-1088/,Vajíčkový salát,Vajíčkový salát,Snacky
96,https://fitrecepty.info/recepty/podle-kategorie/svaciny/kakaovy-termix-s-jahodami-1078/,Dezerty,Kakaový termix s jahodami ,Dezerty
97,https://fitrecepty.info/recepty/podle-kategorie/svaciny/kakaovy-termix-s-jahodami-1078/,Dezerty,Kakaový termix s jahodami ,Snídaně
98,https://fitrecepty.info/recepty/podle-kategorie/svaciny/termix-z-domaci-luciny-190/,Dezerty,Termix z domácí lučiny,Dezerty
99,https://fitrecepty.info/recepty/podle-kategorie/svaciny/termix-z-domaci-luciny-190/,Domácí lučina,Termix z domácí lučiny,Snídaně
100,https://fitrecepty.info/recepty/podle-kategorie/svaciny/tvarohovy-dip-se-zeleninou-801/,snacky,Tvarohový dip se zeleninou,Snacky
101,https://fitrecepty.info/recepty/podle-kategorie/svaciny/tvarohovy-dip-se-zeleninou-801/,Dipy,Tvarohový dip se zeleninou,"Omáčky, dipy"
102,https://fitrecepty.info/recepty/podle-kategorie/svaciny/tvarohovy-dip-se-zeleninou-801/,Pomazánky,Tvarohový dip se zeleninou,Pomazánky
103,https://fitrecepty.info/recepty/podle-kategorie/svaciny/celozrnne-krekry-696/,snacky,Celozrnné krekry,Snacky
104,https://fitrecepty.info/recepty/podle-kategorie/svaciny/celozrnne-krekry-696/,Krekry,Celozrnné krekry,Snídaně
105,https://fitrecepty.info/recepty/podle-kategorie/svaciny/jablecna-presnidavka-831/,snacky,Jablečná přesnídávka,Snacky
106,https://fitrecepty.info/recepty/podle-kategorie/svaciny/jablecna-presnidavka-831/,Přesnídávky,Jablečná přesnídávka,Snídaně
107,https://fitrecepty.info/recepty/podle-kategorie/svaciny/pecena-dyne-s-cizrnou-883/,snacky,Pečená dýně s cizrnou,Snacky
108,https://fitrecepty.info/recepty/podle-kategorie/svaciny/pecena-dyne-s-cizrnou-883/,snacky,Pečená dýně s cizrnou,Hlavní jídla
109,https://fitrecepty.info/recepty/podle-kategorie/svaciny/pomazanka-z-olomouckych-tvaruzku-162/,snacky,Pomazánka z olomouckých tvarůžků,Pomazánky
110,https://fitrecepty.info/recepty/podle-kategorie/svaciny/pomazanka-z-olomouckych-tvaruzku-162/,Pomazánky,Pomazánka z olomouckých tvarůžků,Snacky
111,https://fitrecepty.info/recepty/podle-kategorie/svaciny/rybickova-pomazanka-803/,snacky,Rybičková pomazánka,Snacky
112,https://fitrecepty.info/recepty/podle-kategorie/svaciny/rybickova-pomazanka-803/,Pomazánky,Rybičková pomazánka,Pomazánky
113,https://fitrecepty.info/recepty/podle-kategorie/svaciny/cockova-pomazanka-s-cesnekem-200/,snacky,Čočková pomazánka s česnekem,Snacky
114,https://fitrecepty.info/recepty/podle-kategorie/svaciny/cockova-pomazanka-s-cesnekem-200/,Pomazánky,Čočková pomazánka s česnekem,Pomazánky
115,https://fitrecepty.info/recepty/podle-kategorie/polevky/dynova-polevka-181/,Polévky,Dýňová polévka,Polévky
116,https://fitrecepty.info/recepty/podle-kategorie/polevky/rychla-houbova-polevka-746/,Polévky,Rychlá houbová polévka,Polévky
117,https://fitrecepty.info/recepty/podle-kategorie/polevky/polevka-z-cervene-cocky-182/,Polévky,Polévka z červené čočky,Polévky
118,https://fitrecepty.info/recepty/podle-kategorie/polevky/spenatova-polevka-685/,Polévky,Špenátová polévka,Polévky
119,https://fitrecepty.info/recepty/podle-kategorie/polevky/rajcatova-polevka-822/,Polévky,Rajčatová polévka,Polévky
120,https://fitrecepty.info/recepty/podle-kategorie/polevky/mrkvova-polevka-816/,Polévky,Mrkvová polévka,Polévky
121,https://fitrecepty.info/recepty/podle-kategorie/polevky/fazolova-polevka-675/,Polévky,Fazolová polévka,Polévky
122,https://fitrecepty.info/recepty/podle-kategorie/polevky/polevka-se-zazvorem-a-mrkvi-745/,Polévky,Polévka se zázvorem a mrkví,Polévky
123,https://fitrecepty.info/recepty/podle-kategorie/polevky/kremova-cizrnova-polevka-918/,Polévky,Krémová cizrnová polévka ,Polévky
124,https://fitrecepty.info/recepty/podle-kategorie/polevky/porkova-polevka-s-petrzeli-199/,Polévky,Pórková polévka s petrželí,Polévky
125,https://fitrecepty.info/recepty/podle-kategorie/polevky/hraskova-polevka-s-matou-705/,Polévky,Hrášková polévka s mátou,Polévky
126,https://fitrecepty.info/recepty/podle-kategorie/polevky/porkova-polevka-835/,Polévky,Pórková polévka,Polévky
127,https://fitrecepty.info/recepty/podle-kategorie/obedy-a-vecere/kvetakove-placky-786/,Placky,Květákové placky,Hlavní jídla
128,https://fitrecepty.info/recepty/podle-kategorie/obedy-a-vecere/kvetakove-placky-786/,Placky,Květákové placky,Bezmasé
129,https://fitrecepty.info/recepty/podle-kategorie/obedy-a-vecere/frikadely-1101/,Karbanátky,Frikadely,Hlavní jídla
130,https://fitrecepty.info/recepty/podle-kategorie/obedy-a-vecere/frikadely-1101/,Karbanátky,Frikadely,Maso
131,https://fitrecepty.info/recepty/podle-kategorie/obedy-a-vecere/chilli-con-carne-233/,Pikantní,Chilli con carne,Maso
132,https://fitrecepty.info/recepty/podle-kategorie/obedy-a-vecere/chilli-con-carne-233/,Směsi,Chilli con carne,Luštěniny
133,https://fitrecepty.info/recepty/podle-kategorie/obedy-a-vecere/chilli-con-carne-233/,Směsi,Chilli con carne,Hlavní jídla
134,https://fitrecepty.info/recepty/podle-kategorie/obedy-a-vecere/dynove-rizoto-145/,Rizoto,Dýňové rizoto,Hlavní jídla
135,https://fitrecepty.info/recepty/podle-kategorie/obedy-a-vecere/dynove-rizoto-145/,Rizoto,Dýňové rizoto,Bezmasé
136,https://fitrecepty.info/recepty/podle-kategorie/obedy-a-vecere/fritatta-se-spenatem-a-houbami-166/,Frittata,Fritatta se špenátem a houbami,Hlavní jídla
137,https://fitrecepty.info/recepty/podle-kategorie/obedy-a-vecere/fritatta-se-spenatem-a-houbami-166/,Omelety,Fritatta se špenátem a houbami,Bezmasé
138,https://fitrecepty.info/recepty/podle-kategorie/obedy-a-vecere/thajske-kari-s-kurecim-masem-574/,Omáčky,Thajské kari s kuřecím masem,Maso
139,https://fitrecepty.info/recepty/podle-kategorie/obedy-a-vecere/thajske-kari-s-kurecim-masem-574/,Pikantní,Thajské kari s kuřecím masem,Hlavní jídla
140,https://fitrecepty.info/recepty/podle-kategorie/obedy-a-vecere/thajske-kari-s-kurecim-masem-574/,Pikantní,Thajské kari s kuřecím masem,"Omáčky, dipy"
141,https://fitrecepty.info/recepty/podle-kategorie/obedy-a-vecere/kureci-nugetky-125/,snacky,Kuřecí nugetky,Hlavní jídla
142,https://fitrecepty.info/recepty/podle-kategorie/obedy-a-vecere/kureci-nugetky-125/,snacky,Kuřecí nugetky,Maso
143,https://fitrecepty.info/recepty/podle-kategorie/obedy-a-vecere/zapecene-penne-s-ricottou-120/,Zapečené,Zapečené penne s ricottou,Hlavní jídla
144,https://fitrecepty.info/recepty/podle-kategorie/obedy-a-vecere/zapecene-penne-s-ricottou-120/,Těstoviny,Zapečené penne s ricottou,Bezmasé
145,https://fitrecepty.info/recepty/podle-kategorie/obedy-a-vecere/thajske-rizoto-s-kokosovym-mlekem-a-kesu-orisky-348/,Pikantní,Thajské rizoto s kokosovým mlékem a kešu oříšky,Hlavní jídla
146,https://fitrecepty.info/recepty/podle-kategorie/obedy-a-vecere/thajske-rizoto-s-kokosovym-mlekem-a-kesu-orisky-348/,Rizoto,Thajské rizoto s kokosovým mlékem a kešu oříšky,Bezmasé
147,https://fitrecepty.info/recepty/podle-kategorie/obedy-a-vecere/cocka-s-bylinkami-677/,Směsi,Čočka s bylinkami,Hlavní jídla
148,https://fitrecepty.info/recepty/podle-kategorie/obedy-a-vecere/cocka-s-bylinkami-677/,Směsi,Čočka s bylinkami,Bezmasé
149,https://fitrecepty.info/recepty/podle-kategorie/obedy-a-vecere/cocka-s-bylinkami-677/,Směsi,Čočka s bylinkami,Luštěniny
150,https://fitrecepty.info/recepty/podle-kategorie/obedy-a-vecere/kureci-smes-s-kvetakem-a-kokosovym-mlekem-122/,Pikantní,Kuřecí směs s květákem a kokosovým mlékem ,Maso
151,https://fitrecepty.info/recepty/podle-kategorie/obedy-a-vecere/kureci-smes-s-kvetakem-a-kokosovym-mlekem-122/,Směsi,Kuřecí směs s květákem a kokosovým mlékem ,Hlavní jídla
152,https://fitrecepty.info/recepty/podle-kategorie/obedy-a-vecere/sladke-kuskusove-knedliky-691/,Moučníky,Sladké kuskusové knedlíky,Hlavní jídla
153,https://fitrecepty.info/recepty/podle-kategorie/obedy-a-vecere/sladke-kuskusove-knedliky-691/,Dezerty,Sladké kuskusové knedlíky,Bezmasé
154,https://fitrecepty.info/recepty/podle-kategorie/obedy-a-vecere/sladke-kuskusove-knedliky-691/,Knedlíky,Sladké kuskusové knedlíky,Dezerty
155,https://fitrecepty.info/recepty/podle-kategorie/obedy-a-vecere/bramborovy-salat-s-quinoou-382/,Saláty,Bramborový salát s quinoou,Saláty
156,https://fitrecepty.info/recepty/podle-kategorie/obedy-a-vecere/bramborovy-salat-s-quinoou-382/,Bramborový salát,Bramborový salát s quinoou,Hlavní jídla
157,https://fitrecepty.info/recepty/podle-kategorie/obedy-a-vecere/bramborovy-salat-s-quinoou-382/,Brambory,Bramborový salát s quinoou,Bezmasé
158,https://fitrecepty.info/recepty/podle-kategorie/napoje/brokolicovy-milkshake-828/,Shaky,Brokolicový milkshake ,Nápoje
159,https://fitrecepty.info/recepty/podle-kategorie/obedy-a-vecere/bulgurovy-salat-s-petrzeli-a-rajcaty-1144/,Saláty,Bulgurový salát s petrželí a rajčaty ,Saláty
160,https://fitrecepty.info/recepty/podle-kategorie/obedy-a-vecere/bulgurovy-salat-s-petrzeli-a-rajcaty-1144/,Saláty,Bulgurový salát s petrželí a rajčaty ,Hlavní jídla
161,https://fitrecepty.info/recepty/podle-kategorie/obedy-a-vecere/bulgurovy-salat-s-petrzeli-a-rajcaty-1144/,Saláty,Bulgurový salát s petrželí a rajčaty ,Bezmasé
162,https://fitrecepty.info/recepty/podle-kategorie/svaciny/celerova-pomazanka-s-mrkvi-948/,snacky,Celerová pomazánka s mrkví ,Pomazánky
163,https://fitrecepty.info/recepty/podle-kategorie/svaciny/celerova-pomazanka-s-mrkvi-948/,Mrkvová pomazánka,Celerová pomazánka s mrkví ,Snacky
164,https://fitrecepty.info/recepty/podle-kategorie/obedy-a-vecere/cizrnova-omacka-s-ryzi-919/,Omáčky,Cizrnová omáčka s rýží ,"Omáčky, dipy"
165,https://fitrecepty.info/recepty/podle-kategorie/obedy-a-vecere/cizrnova-omacka-s-ryzi-919/,Omáčky,Cizrnová omáčka s rýží ,Hlavní jídla
166,https://fitrecepty.info/recepty/podle-kategorie/obedy-a-vecere/cizrnova-omacka-s-ryzi-919/,Omáčky,Cizrnová omáčka s rýží ,Bezmasé
167,https://fitrecepty.info/recepty/podle-kategorie/obedy-a-vecere/cizrnova-omacka-s-ryzi-919/,Omáčky,Cizrnová omáčka s rýží ,Luštěniny
168,https://fitrecepty.info/recepty/podle-kategorie/polevky/cizrnova-polevka-684/,Polévky,Cizrnová polévka,Polévky
169,https://fitrecepty.info/recepty/podle-kategorie/svaciny/cizrnova-pomazanka-s-krenem-841/,snacky,Cizrnová pomazánka s křenem,Pomazánky
170,https://fitrecepty.info/recepty/podle-kategorie/svaciny/cizrnova-pomazanka-s-krenem-841/,Pomazánky,Cizrnová pomazánka s křenem,Snacky
171,https://fitrecepty.info/recepty/podle-kategorie/obedy-a-vecere/cizrnovy-falafel-704/,snacky,Cizrnový falafel,Hlavní jídla
172,https://fitrecepty.info/recepty/podle-kategorie/obedy-a-vecere/cizrnovy-falafel-704/,Falafel,Cizrnový falafel,Bezmasé
173,https://fitrecepty.info/recepty/podle-kategorie/obedy-a-vecere/cizrnovy-falafel-704/,Falafel,Cizrnový falafel,Luštěniny
174,https://fitrecepty.info/recepty/podle-kategorie/salatyprilohy/cizrnovy-salat-s-tymianem-a-pecenou-paprikou-248/,Saláty,Cizrnový salát s tymiánem a pečenou paprikou,Saláty
175,https://fitrecepty.info/recepty/podle-kategorie/salatyprilohy/cizrnovy-salat-s-tymianem-a-pecenou-paprikou-248/,Cizrnový salát,Cizrnový salát s tymiánem a pečenou paprikou,Luštěniny
176,https://fitrecepty.info/recepty/podle-kategorie/zdravemlsani/cokoladovo-kokosova-zmrzlina-379/,Osvěžení,Čokoládovo-kokosová zmrzlina,Dezerty
177,https://fitrecepty.info/recepty/podle-kategorie/svaciny/cuketova-pomazanka-na-topinky-916/,snacky,Cuketová pomazánka na topinky,Pomazánky
178,https://fitrecepty.info/recepty/podle-kategorie/svaciny/cuketova-pomazanka-na-topinky-916/,Pomazánky,Cuketová pomazánka na topinky,Snacky
179,https://fitrecepty.info/recepty/podle-kategorie/napoje/cuketove-smoothie-669/,Osvěžení,Cuketové smoothie,Smoothie
180,https://fitrecepty.info/recepty/podle-kategorie/napoje/cuketove-smoothie-669/,Smoothie,Cuketové smoothie,Snídaně
181,https://fitrecepty.info/recepty/podle-kategorie/obedy-a-vecere/cuketove-spagety-707/,Nudle,Cuketové špagety,Bezmasé
182,https://fitrecepty.info/recepty/podle-kategorie/obedy-a-vecere/cuketove-spagety-707/,Nudle,Cuketové špagety,Hlavní jídla
183,https://fitrecepty.info/recepty/podle-kategorie/vanocni/datlove-kulicky-s-chia-912/,Moučníky,Datlové kuličky s chia ,Dezerty
184,https://fitrecepty.info/recepty/podle-kategorie/zdravemlsani/datlove-susenky-583/,snacky,Datlové sušenky,Dezerty
185,https://fitrecepty.info/recepty/podle-kategorie/zdravemlsani/datlove-susenky-583/,Sušenky,Datlové sušenky,Snacky
186,https://fitrecepty.info/recepty/podle-kategorie/pomazanky/dip-z-peceneho-lilku-1143/,snacky,Dip z pečeného lilku,"Omáčky, dipy"
187,https://fitrecepty.info/recepty/podle-kategorie/pomazanky/dip-z-peceneho-lilku-1143/,Dipy,Dip z pečeného lilku,Pomazánky
188,https://fitrecepty.info/recepty/podle-kategorie/pomazanky/dip-z-peceneho-lilku-1143/,Pomazánky,Dip z pečeného lilku,Snacky
189,https://fitrecepty.info/recepty/podle-kategorie/napoje/domaci-mandlove-mleko-70/,Domácí mléko,Domácí mandlové mléko,Nápoje
190,https://fitrecepty.info/recepty/podle-kategorie/napoje/drink-s-chia-seminky-a-matcha-cajem-313/,Osvěžení,Drink s chia semínky a matcha čajem,Nápoje
191,https://fitrecepty.info/recepty/podle-kategorie/obedy-a-vecere/dynova-chilli-smes-989/,Pikantní,Dýňová chilli směs,Hlavní jídla
192,https://fitrecepty.info/recepty/podle-kategorie/obedy-a-vecere/dynova-chilli-smes-989/,Směsi,Dýňová chilli směs,Bezmasé
193,https://fitrecepty.info/recepty/podle-kategorie/obedy-a-vecere/dynova-chilli-smes-989/,Směsi,Dýňová chilli směs,Luštěniny
194,https://fitrecepty.info/recepty/podle-kategorie/polevky/dynova-polevka-s-pohankou-838/,Polévky,Dýňová polévka s pohankou,Polévky
195,https://fitrecepty.info/recepty/podle-kategorie/zdravemlsani/dynove-brownies-ze-3-ingredienci-984/,Moučníky,Dýňové brownies ze 3 ingrediencí ,Dezerty
196,https://fitrecepty.info/recepty/podle-kategorie/zdravemlsani/dynove-kulicky-889/,Moučníky,Dýňové kuličky,Dezerty
197,https://fitrecepty.info/recepty/podle-kategorie/obedy-a-vecere/fazolova-polevka-1035/,Fazolová polévka,Fazolová polévka,Luštěniny
198,https://fitrecepty.info/recepty/podle-kategorie/obedy-a-vecere/fazolova-polevka-1035/,Polévky,Fazolová polévka,Polévky
199,https://fitrecepty.info/recepty/podle-kategorie/napoje/fikove-smoothie-s-chia-769/,Osvěžení,Fíkové smoothie s chia,Smoothie
200,https://fitrecepty.info/recepty/podle-kategorie/napoje/fikove-smoothie-s-chia-769/,Smoothie,Fíkové smoothie s chia,Snídaně
201,https://fitrecepty.info/recepty/podle-kategorie/napoje/golden-milk-511/,Shaky,Golden milk,Nápoje
202,https://fitrecepty.info/recepty/podle-kategorie/snidane/granola-se-susenymi-svestkami-1071/,Müsli,Granola se sušenými švestkami,Snídaně
203,https://fitrecepty.info/recepty/podle-kategorie/snidane/granola-se-susenymi-svestkami-1071/,Granola,Granola se sušenými švestkami,Snacky
204,https://fitrecepty.info/recepty/podle-kategorie/snidane/granola-s-orechy-600/,Müsli,Granola s ořechy,Snídaně
205,https://fitrecepty.info/recepty/podle-kategorie/snidane/granola-s-orechy-600/,Granola,Granola s ořechy,Snacky
206,https://fitrecepty.info/recepty/podle-kategorie/napoje/green-tea-smoothie-644/,Smoothie,Green tea smoothie,Smoothie
207,https://fitrecepty.info/recepty/podle-kategorie/napoje/green-tea-smoothie-644/,Čaje,Green tea smoothie,Snídaně
208,https://fitrecepty.info/recepty/podle-kategorie/salatyprilohy/grilovane-cukety-915/,snacky,Grilované cukety,Snacky
209,https://fitrecepty.info/recepty/podle-kategorie/salatyprilohy/grilovane-cukety-915/,snacky,Grilované cukety,Přílohy
210,https://fitrecepty.info/recepty/podle-kategorie/salatyprilohy/hranolky-ze-sladkych-brambor-50/,snacky,Hranolky ze sladkých brambor,Přílohy
211,https://fitrecepty.info/recepty/podle-kategorie/salatyprilohy/hranolky-ze-sladkych-brambor-50/,Hranolky,Hranolky ze sladkých brambor,Snacky
212,https://fitrecepty.info/recepty/podle-kategorie/svaciny/hraskovy-hummus-1058/,Dipy,Hráškový hummus ,"Omáčky, dipy"
213,https://fitrecepty.info/recepty/podle-kategorie/svaciny/hraskovy-hummus-1058/,Hummus,Hráškový hummus ,Luštěniny
214,https://fitrecepty.info/recepty/podle-kategorie/svaciny/hraskovy-hummus-1058/,Humus,Hráškový hummus ,Snacky
215,https://fitrecepty.info/recepty/podle-kategorie/svaciny/hraskovy-hummus-1058/,Pomazánky,Hráškový hummus ,Pomazánky
216,https://fitrecepty.info/recepty/podle-kategorie/svaciny/hummus-z-avokada-a-cizrny-655/,Dipy,Hummus z avokáda a cizrny ,Luštěniny
217,https://fitrecepty.info/recepty/podle-kategorie/svaciny/hummus-z-avokada-a-cizrny-655/,Hummus,Hummus z avokáda a cizrny ,"Omáčky, dipy"
218,https://fitrecepty.info/recepty/podle-kategorie/svaciny/hummus-z-avokada-a-cizrny-655/,Humus,Hummus z avokáda a cizrny ,Pomazánky
219,https://fitrecepty.info/recepty/podle-kategorie/svaciny/hummus-z-avokada-a-cizrny-655/,Pomazánky,Hummus z avokáda a cizrny ,Snacky
220,https://fitrecepty.info/recepty/podle-kategorie/napoje/chai-latte-se-skorici-834/,Osvěžení,Chai latté se skořicí,Nápoje
221,https://fitrecepty.info/recepty/podle-kategorie/zdravemlsani/chia-mango-pudink-779/,Dezerty,Chia mango pudink,Dezerty
222,https://fitrecepty.info/recepty/podle-kategorie/zdravemlsani/chia-mango-pudink-779/,Pudinky,Chia mango pudink,Snídaně
223,https://fitrecepty.info/recepty/podle-kategorie/zdravemlsani/chia-nanuky-743/,Osvěžení,Chia nanuky,Dezerty
224,https://fitrecepty.info/recepty/podle-kategorie/svaciny/chia-svacina-s-mandlemi-778/,Dezerty,Chia svačina s mandlemi,Snacky
225,https://fitrecepty.info/recepty/podle-kategorie/svaciny/chia-svacina-s-mandlemi-778/,snacky,Chia svačina s mandlemi,Snídaně
226,https://fitrecepty.info/recepty/podle-kategorie/polevky/chrestova-polevka-706/,Polévky,Chřestová polévka,Polévky
227,https://fitrecepty.info/recepty/podle-kategorie/svaciny/jablecne-chipsy-se-skorici-126/,snacky,Jablečné chipsy se skořicí,Snacky
228,https://fitrecepty.info/recepty/podle-kategorie/svaciny/jablecne-chipsy-se-skorici-126/,Chipsy,Jablečné chipsy se skořicí,Dezerty
229,https://fitrecepty.info/recepty/podle-kategorie/snidane/jablecne-waffle-se-skorici-514/,Moučníky,Jablečné waffle se skořicí,Dezerty
230,https://fitrecepty.info/recepty/podle-kategorie/napoje/jablecny-milkshake-se-skorici-124/,Shaky,Jablečný milkshake se skořicí,Nápoje
231,https://fitrecepty.info/recepty/podle-kategorie/obedy-a-vecere/jahelne-rizoto-214/,Rizoto,Jáhelné rizoto,Hlavní jídla
232,https://fitrecepty.info/recepty/podle-kategorie/obedy-a-vecere/jahelne-rizoto-214/,Rizoto,Jáhelné rizoto,Bezmasé
233,https://fitrecepty.info/recepty/podle-kategorie/napoje/jahodove-smoothie-se-skorici-344/,Osvěžení,Jahodové smoothie se skořicí,Smoothie
234,https://fitrecepty.info/recepty/podle-kategorie/napoje/jahodove-smoothie-se-skorici-344/,Smoothie,Jahodové smoothie se skořicí,Snídaně
235,https://fitrecepty.info/recepty/podle-kategorie/zdravemlsani/jahodovo-bananova-zmrzlina-33/,Osvěžení,Nice cream - zmrzlina z banánu a malin,Dezerty
236,https://fitrecepty.info/recepty/podle-kategorie/zdravemlsani/jahodovy-dortik-599/,dorty,Jahodový dortík,Dezerty
237,https://fitrecepty.info/recepty/podle-kategorie/obedy-a-vecere/jarni-zavitky-s-uzenym-tofu-128/,snacky,Jarní závitky s uzeným tofu a arašídovou omáčkou,Snacky
238,https://fitrecepty.info/recepty/podle-kategorie/obedy-a-vecere/jarni-zavitky-s-uzenym-tofu-128/,Omáčky,Jarní závitky s uzeným tofu a arašídovou omáčkou,"Omáčky, dipy"
239,https://fitrecepty.info/recepty/podle-kategorie/obedy-a-vecere/jarni-zavitky-s-uzenym-tofu-128/,Závitky,Jarní závitky s uzeným tofu a arašídovou omáčkou,Hlavní jídla
240,https://fitrecepty.info/recepty/podle-kategorie/obedy-a-vecere/jarni-zavitky-s-uzenym-tofu-128/,Závitky,Jarní závitky s uzeným tofu a arašídovou omáčkou,Bezmasé
241,https://fitrecepty.info/recepty/podle-kategorie/snidane/jecna-kase-s-makem-a-jablky-844/,Kaše,Ječná kaše s mákem a jablky,Kaše
242,https://fitrecepty.info/recepty/podle-kategorie/snidane/jecna-kase-s-makem-a-jablky-844/,Ječná kaše,Ječná kaše s mákem a jablky,Snacky
243,https://fitrecepty.info/recepty/podle-kategorie/snidane/jecna-kase-s-makem-a-jablky-844/,Ječná kaše,Ječná kaše s mákem a jablky,Snídaně
244,https://fitrecepty.info/recepty/podle-kategorie/polevky/jemna-polevka-ze-zluteho-hrachu-se-zeleninou-386/,Hrachová polévka,Jemná polévka ze žlutého hrachu se zeleninou,Polévky
245,https://fitrecepty.info/recepty/podle-kategorie/polevky/jemna-polevka-ze-zluteho-hrachu-se-zeleninou-386/,Hrachová polévka,Jemná polévka ze žlutého hrachu se zeleninou,Luštěniny
246,https://fitrecepty.info/recepty/podle-kategorie/polevky/jemna-polevka-ze-zluteho-hrachu-se-zeleninou-386/,Polévky,Jemná polévka ze žlutého hrachu se zeleninou,Polévky
247,https://fitrecepty.info/recepty/podle-kategorie/polevky/jemna-polevka-ze-zluteho-hrachu-se-zeleninou-386/,Polévky,Jemná polévka ze žlutého hrachu se zeleninou,Luštěniny
248,https://fitrecepty.info/recepty/podle-kategorie/svaciny/kapustove-chipsy-811/,snacky,Kapustové chipsy,Snacky
249,https://fitrecepty.info/recepty/podle-kategorie/obedy-a-vecere/karbanatky-z-quonii-a-peceneho-batatu-387/,Karbanátky,Karbanátky z quonii a pečeného batátu,Hlavní jídla
250,https://fitrecepty.info/recepty/podle-kategorie/obedy-a-vecere/karbanatky-z-quonii-a-peceneho-batatu-387/,Karbanátky,Karbanátky z quonii a pečeného batátu,Bezmasé
251,https://fitrecepty.info/recepty/podle-kategorie/snidane/kase-s-lnenym-seminkem-797/,Kaše,Kaše s lněným semínkem,Kaše
252,https://fitrecepty.info/recepty/podle-kategorie/snidane/kase-s-lnenym-seminkem-797/,Kaše,Kaše s lněným semínkem,Snídaně
253,https://fitrecepty.info/recepty/podle-kategorie/napoje/kesu-mleko-861/,Domácí mléko,Kešu mléko,Nápoje
254,https://fitrecepty.info/recepty/podle-kategorie/zdravemlsani/kesu-zmrzlina-901/,Osvěžení,Kešu zmrzlina,Dezerty
255,https://fitrecepty.info/recepty/podle-kategorie/napoje/kokosove-mleko-862/,Domácí mléko,Kokosové mléko,Nápoje
256,https://fitrecepty.info/recepty/podle-kategorie/zdravemlsani/kokosovo-mandlova-zmrzlina-692/,Osvěžení,Kokosovo-mandlová zmrzlina,Dezerty
257,https://fitrecepty.info/recepty/podle-kategorie/zdravemlsani/kokosovy-pudink-672/,Dezerty,Kokosový pudink,Snídaně
258,https://fitrecepty.info/recepty/podle-kategorie/zdravemlsani/kokosovy-pudink-672/,Pudinky,Kokosový pudink,Dezerty
259,https://fitrecepty.info/recepty/podle-kategorie/zdravemlsani/kolac-s-tofu-a-brusinkami-495/,Moučníky,Koláč s tofu a brusinkami,Dezerty
260,https://fitrecepty.info/recepty/podle-kategorie/zdravemlsani/kolac-s-tofu-a-brusinkami-495/,Dezerty,Koláč s tofu a brusinkami,Snídaně
261,https://fitrecepty.info/recepty/podle-kategorie/obedy-a-vecere/kuskus-na-sladko-s-granatovym-jablkem-737/,Těstoviny,Kuskus na sladko s granátovým jablkem,Snacky
262,https://fitrecepty.info/recepty/podle-kategorie/obedy-a-vecere/kuskus-na-sladko-s-granatovym-jablkem-737/,Ovocný salát,Kuskus na sladko s granátovým jablkem,Saláty
263,https://fitrecepty.info/recepty/podle-kategorie/polevky/kvetakova-polevka-s-kokosovym-mlekem-115/,Polévky,Květáková polévka s kokosovým mlékem ,Polévky
264,https://fitrecepty.info/recepty/podle-kategorie/obedy-a-vecere/kvetak-s-chilli-a-rozmarynem-604/,Pikantní,Květák s chilli a rozmarýnem,Hlavní jídla
265,https://fitrecepty.info/recepty/podle-kategorie/obedy-a-vecere/kvetak-s-chilli-a-rozmarynem-604/,Pikantní,Květák s chilli a rozmarýnem,Bezmasé
266,https://fitrecepty.info/recepty/podle-kategorie/zdravemlsani/makove-kulicky-s-kakaem-910/,Moučníky,Makové kuličky s kakaem,Dezerty
267,https://fitrecepty.info/recepty/podle-kategorie/polevky/mangoldova-polevka-829/,Polévky,Mangoldová polévka,Polévky
268,https://fitrecepty.info/recepty/podle-kategorie/napoje/mleko-z-konopneho-seminka-798/,Domácí mléko,Mléko z konopného semínka,Nápoje
269,https://fitrecepty.info/recepty/podle-kategorie/svaciny/mrkvova-presnidavka-s-kokosovym-cukrem-832/,snacky,Mrkvová přesnídávka s kokosovým cukrem,Snacky
270,https://fitrecepty.info/recepty/podle-kategorie/svaciny/mrkvova-presnidavka-s-kokosovym-cukrem-832/,Přesnídávky,Mrkvová přesnídávka s kokosovým cukrem,Snídaně
271,https://fitrecepty.info/recepty/podle-kategorie/salatyprilohy/mrkvove-hranolky-992/,snacky,Mrkvové hranolky ,Snacky
272,https://fitrecepty.info/recepty/podle-kategorie/salatyprilohy/mrkvove-hranolky-992/,Hranolky,Mrkvové hranolky ,Přílohy
273,https://fitrecepty.info/recepty/podle-kategorie/zdravemlsani/mrkvove-kulicky-766/,Moučníky,Mrkvové kuličky,Dezerty
274,https://fitrecepty.info/recepty/podle-kategorie/svaciny/mrkvovy-hummus-1085/,Dipy,Mrkvový hummus ,"Omáčky, dipy"
275,https://fitrecepty.info/recepty/podle-kategorie/svaciny/mrkvovy-hummus-1085/,Hummus,Mrkvový hummus ,Snacky
276,https://fitrecepty.info/recepty/podle-kategorie/svaciny/mrkvovy-hummus-1085/,Humus,Mrkvový hummus ,Pomazánky
277,https://fitrecepty.info/recepty/podle-kategorie/polevky/mungo-polevka-304/,Fazolová polévka,Mungo polévka ,Polévky
278,https://fitrecepty.info/recepty/podle-kategorie/polevky/mungo-polevka-304/,Pikantní,Mungo polévka ,Luštěniny
279,https://fitrecepty.info/recepty/podle-kategorie/obedy-a-vecere/okurkove-gazpacho-s-avokadem-a-bazalkou-1132/,Osvěžení,Okurkové gazpacho s avokádem a bazalkou,Polévky
280,https://fitrecepty.info/recepty/podle-kategorie/svaciny/okurkove-jednohubky-s-hummusem-1092/,Jednohubky,Okurkové jednohubky s hummusem,Snacky
281,https://fitrecepty.info/recepty/podle-kategorie/svaciny/okurkove-jednohubky-s-hummusem-1092/,snacky,Okurkové jednohubky s hummusem,Pomazánky
282,https://fitrecepty.info/recepty/podle-kategorie/salatyprilohy/okurkovy-salat-ke-grilovani-1139/,Saláty,Okurkový salát ke grilování,Saláty
283,https://fitrecepty.info/recepty/podle-kategorie/salatyprilohy/okurkovy-salat-ke-grilovani-1139/,Okurkový salát,Okurkový salát ke grilování,Snacky
284,https://fitrecepty.info/recepty/podle-kategorie/napoje/osvezujici-limetkova-stava-792/,Osvěžení,Osvěžující limetková šťáva,Nápoje
285,https://fitrecepty.info/recepty/podle-kategorie/snidane/ovesna-kase-s-kokosem-513/,Kaše,Ovesná kaše s kokosem,Kaše
286,https://fitrecepty.info/recepty/podle-kategorie/snidane/ovesna-kase-s-kokosem-513/,Ovesná kaše,Ovesná kaše s kokosem,Snídaně
287,https://fitrecepty.info/recepty/podle-kategorie/polevky/ovesna-polevka-s-cizrnou-686/,Cizrnová polévka,Ovesná polévka s cizrnou,Polévky
288,https://fitrecepty.info/recepty/podle-kategorie/polevky/ovesna-polevka-s-cizrnou-686/,Polévky,Ovesná polévka s cizrnou,Luštěniny
289,https://fitrecepty.info/recepty/podle-kategorie/zdravemlsani/ovocny-krambl-361/,Moučníky,Ovocný krambl,Dezerty
290,https://fitrecepty.info/recepty/podle-kategorie/obedy-a-vecere/pecena-brokolice-878/,snacky,Pečená brokolice,Snacky
291,https://fitrecepty.info/recepty/podle-kategorie/obedy-a-vecere/pecena-brokolice-878/,snacky,Pečená brokolice,Přílohy
292,https://fitrecepty.info/recepty/podle-kategorie/svaciny/pecena-cizrna-s-chilli-788/,snacky,Pečená cizrna s chilli,Luštěniny
293,https://fitrecepty.info/recepty/podle-kategorie/svaciny/pecena-cizrna-s-chilli-788/,Pikantní,Pečená cizrna s chilli,Bezmasé
294,https://fitrecepty.info/recepty/podle-kategorie/obedy-a-vecere/peceny-kvetak-s-omackou-900/,Zapečené,Pečený květák s omáčkou,"Omáčky, dipy"
295,https://fitrecepty.info/recepty/podle-kategorie/obedy-a-vecere/peceny-kvetak-s-omackou-900/,Omáčky,Pečený květák s omáčkou,Hlavní jídla
296,https://fitrecepty.info/recepty/podle-kategorie/obedy-a-vecere/peceny-kvetak-s-omackou-900/,Omáčky,Pečený květák s omáčkou,Luštěniny
297,https://fitrecepty.info/recepty/podle-kategorie/obedy-a-vecere/peceny-kvetak-s-omackou-900/,Omáčky,Pečený květák s omáčkou,Bezmasé
298,https://fitrecepty.info/recepty/podle-kategorie/zdravemlsani/pistaciove-maslo-863/,Domácí,Pistáciové máslo,Pomazánky
299,https://fitrecepty.info/recepty/podle-kategorie/svaciny/pkhali-z-repy-629/,Kuličky,Pkhali z řepy,Snacky
300,https://fitrecepty.info/recepty/podle-kategorie/obedy-a-vecere/pohankovy-salat-s-pecenou-zeleninou-a-rukolou-337/,Saláty,Pohankový salát s pečenou zeleninou a rukolou,Saláty
301,https://fitrecepty.info/recepty/podle-kategorie/obedy-a-vecere/pohankovy-salat-s-pecenou-zeleninou-a-rukolou-337/,Saláty,Pohankový salát s pečenou zeleninou a rukolou,Hlavní jídla
302,https://fitrecepty.info/recepty/podle-kategorie/obedy-a-vecere/pohankovy-salat-s-pecenou-zeleninou-a-rukolou-337/,Saláty,Pohankový salát s pečenou zeleninou a rukolou,Bezmasé
303,https://fitrecepty.info/recepty/podle-kategorie/svaciny/pomazanka-z-cernych-oliv-857/,snacky,Pomazánka z černých oliv,Pomazánky
304,https://fitrecepty.info/recepty/podle-kategorie/svaciny/pomazanka-z-cernych-oliv-857/,Pomazánky,Pomazánka z černých oliv,Snacky
305,https://fitrecepty.info/recepty/podle-kategorie/obedy-a-vecere/rajcata-plnena-quinoou-522/,Plněné,Rajčata plněná quinoou,Bezmasé
306,https://fitrecepty.info/recepty/podle-kategorie/obedy-a-vecere/rajcata-plnena-quinoou-522/,Plněné,Rajčata plněná quinoou,Snacky
307,https://fitrecepty.info/recepty/podle-kategorie/obedy-a-vecere/rajcatova-chilli-ryze-535/,Pikantní,Rajčatová chilli rýže,Bezmasé
308,https://fitrecepty.info/recepty/podle-kategorie/obedy-a-vecere/rajcatova-chilli-ryze-535/,Pikantní,Rajčatová chilli rýže,Hlavní jídla
309,https://fitrecepty.info/recepty/podle-kategorie/obedy-a-vecere/rajcatove-gazpacho-1133/,Polévky,Rajčatové gazpacho ,Polévky
310,https://fitrecepty.info/recepty/podle-kategorie/zdravemlsani/raw-boruvkovy-cheesecake-442/,Dezerty,Raw borůvkový cheesecake,Dezerty
311,https://fitrecepty.info/recepty/podle-kategorie/zdravemlsani/raw-cokoladovy-kolac-637/,Dezerty,Raw čokoládový koláč ,Dezerty
312,https://fitrecepty.info/recepty/podle-kategorie/zdravemlsani/raw-jahodovy-dort-638/,Dezerty,Raw jahodový dort,Dezerty
313,https://fitrecepty.info/recepty/podle-kategorie/zdravemlsani/raw-kulicky-710/,Dezerty,Raw kuličky,Dezerty
314,https://fitrecepty.info/recepty/podle-kategorie/polevky/redkvickova-polevka-s-koprem-753/,Polévky,Ředkvičková polévka s koprem,Polévky
315,https://fitrecepty.info/recepty/podle-kategorie/svaciny/repny-hummus-s-rozmarynem-762/,Dipy,Řepný hummus s rozmarýnem,Pomazánky
316,https://fitrecepty.info/recepty/podle-kategorie/svaciny/repny-hummus-s-rozmarynem-762/,Hummus,Řepný hummus s rozmarýnem,"Omáčky, dipy"
317,https://fitrecepty.info/recepty/podle-kategorie/svaciny/repny-hummus-s-rozmarynem-762/,Humus,Řepný hummus s rozmarýnem,Snacky
318,https://fitrecepty.info/recepty/podle-kategorie/svaciny/rolky-z-cukety-a-lilku-615/,Jednohubky,Rolky z cukety a lilku,Snacky
319,https://fitrecepty.info/recepty/podle-kategorie/obedy-a-vecere/rychla-fazolova-omacka-s-kari-937/,Omáčky,Rychlá fazolová omáčka s kari,"Omáčky, dipy"
320,https://fitrecepty.info/recepty/podle-kategorie/obedy-a-vecere/rychla-fazolova-omacka-s-kari-937/,Pikantní,Rychlá fazolová omáčka s kari,Luštěniny
321,https://fitrecepty.info/recepty/podle-kategorie/obedy-a-vecere/rychla-fazolova-omacka-s-kari-937/,Pikantní,Rychlá fazolová omáčka s kari,Hlavní jídla
322,https://fitrecepty.info/recepty/podle-kategorie/obedy-a-vecere/rychla-fazolova-omacka-s-kari-937/,Pikantní,Rychlá fazolová omáčka s kari,Bezmasé
323,https://fitrecepty.info/recepty/podle-kategorie/zdravemlsani/rychly-bananovy-dezert-804/,Moučníky,Rychlý banánový dezert,Dezerty
324,https://fitrecepty.info/recepty/podle-kategorie/svaciny/salat-z-cervene-repy-1039/,Saláty,Salát z červené řepy,Saláty
325,https://fitrecepty.info/recepty/podle-kategorie/svaciny/salat-z-cervene-repy-1039/,Salát z červené řepy,Salát z červené řepy,Snacky
326,https://fitrecepty.info/recepty/podle-kategorie/napoje/shake-z-ovesneho-napoje-s-jablkem-721/,Shaky,Shake z ovesného nápoje s jablkem,Nápoje
327,https://fitrecepty.info/recepty/podle-kategorie/zdravemlsani/skoricove-tycinky-550/,tyčinky,Skořicové tyčinky,Snacky
328,https://fitrecepty.info/recepty/podle-kategorie/svaciny/sladky-kuskus-360/,Těstoviny,Sladký kuskus,Saláty
329,https://fitrecepty.info/recepty/podle-kategorie/svaciny/sladky-kuskus-360/,Ovocný salát,Sladký kuskus,Snacky
330,https://fitrecepty.info/recepty/podle-kategorie/svaciny/slane-spaldove-susenky-625/,snacky,Slané špaldové sušenky,Snacky
331,https://fitrecepty.info/recepty/podle-kategorie/obedy-a-vecere/smes-s-tofu-a-brokolici-875/,Směsi,Směs s tofu a brokolicí,Bezmasé
332,https://fitrecepty.info/recepty/podle-kategorie/obedy-a-vecere/smes-s-tofu-a-brokolici-875/,Směsi,Směs s tofu a brokolicí,Hlavní jídla
333,https://fitrecepty.info/recepty/podle-kategorie/napoje/smoothie-s-rapikatym-celerem-776/,Osvěžení,Smoothie s řapíkatým celerem,Smoothie
334,https://fitrecepty.info/recepty/podle-kategorie/napoje/smoothie-s-rapikatym-celerem-776/,Smoothie,Smoothie s řapíkatým celerem,Snídaně
335,https://fitrecepty.info/recepty/podle-kategorie/napoje/smoothie-z-vodniho-melounu-777/,Osvěžení,Smoothie z vodního melounu,Smoothie
336,https://fitrecepty.info/recepty/podle-kategorie/napoje/smoothie-z-vodniho-melounu-777/,Smoothie,Smoothie z vodního melounu,Snídaně
337,https://fitrecepty.info/recepty/podle-kategorie/napoje/spenatove-smoothie-s-kiwi-643/,Osvěžení,Špenátové smoothie s kiwi,Smoothie
338,https://fitrecepty.info/recepty/podle-kategorie/napoje/spenatove-smoothie-s-kiwi-643/,Smoothie,Špenátové smoothie s kiwi,Snídaně
339,https://fitrecepty.info/recepty/podle-kategorie/polevky/studena-rajcatova-polevka-734/,Polévky,Studená rajčatová polévka,Polévky
340,https://fitrecepty.info/recepty/podle-kategorie/svaciny/svestkovo-pomerancovy-bulgur-365/,snacky,Švestkovo - pomerančový bulgur,Snacky
341,https://fitrecepty.info/recepty/podle-kategorie/obedy-a-vecere/tempeh-s-mrkvi-a-pohankou-152/,Tempeh,Tempeh s mrkví a pohankou,Hlavní jídla
342,https://fitrecepty.info/recepty/podle-kategorie/obedy-a-vecere/tempeh-s-mrkvi-a-pohankou-152/,Tempeh,Tempeh s mrkví a pohankou,Bezmasé
343,https://fitrecepty.info/recepty/podle-kategorie/obedy-a-vecere/thajske-zelene-kari-129/,Omáčky,Thajské zelené kari,Hlavní jídla
344,https://fitrecepty.info/recepty/podle-kategorie/obedy-a-vecere/thajske-zelene-kari-129/,Pikantní,Thajské zelené kari,"Omáčky, dipy"
345,https://fitrecepty.info/recepty/podle-kategorie/obedy-a-vecere/thajske-zelene-kari-129/,Pikantní,Thajské zelené kari,Bezmasé
346,https://fitrecepty.info/recepty/podle-kategorie/zdravemlsani/veganska-cokoladova-mousse-s-tresnemi-1127/,Dezerty,Veganská čokoládová mousse s třešněmi,Dezerty
347,https://fitrecepty.info/recepty/podle-kategorie/snidane/veganske-brownies-922/,Moučníky,Veganské brownies,Dezerty
348,https://fitrecepty.info/recepty/podle-kategorie/polevky/zampionova-polevka-810/,Polévky,Žampionová polévka,Polévky
349,https://fitrecepty.info/recepty/podle-kategorie/obedy-a-vecere/zampiony-plnene-kukuricnym-pyre-630/,Kaše,Žampiony plněné kukuřičným pyré,Bezmasé
350,https://fitrecepty.info/recepty/podle-kategorie/obedy-a-vecere/zampiony-plnene-kukuricnym-pyre-630/,Plněné,Žampiony plněné kukuřičným pyré,Snacky
351,https://fitrecepty.info/recepty/podle-kategorie/napoje/zazvorovy-panak-pro-silnou-imunitu-893/,Osvěžení,Zázvorový panák pro silnou imunitu,Nápoje
352,https://fitrecepty.info/recepty/podle-kategorie/snidane/zelena-ovesna-kase-1106/,Kaše,Zelená ovesná kaše ,Kaše
353,https://fitrecepty.info/recepty/podle-kategorie/snidane/zelena-ovesna-kase-1106/,Ovesná kaše,Zelená ovesná kaše ,Snídaně
354,https://fitrecepty.info/recepty/podle-kategorie/obedy-a-vecere/zeleninova-smes-se-sojou-a-ryzovymi-nudlemi-209/,Nudle,Zeleninová směs se sójou a ryžovými nudlemi ,Hlavní jídla
355,https://fitrecepty.info/recepty/podle-kategorie/obedy-a-vecere/zeleninova-smes-se-sojou-a-ryzovymi-nudlemi-209/,Směsi,Zeleninová směs se sójou a ryžovými nudlemi ,Bezmasé
356,https://fitrecepty.info/recepty/podle-kategorie/obedy-a-vecere/zitne-halusky-se-zelim-a-tempehem-362/,Tempeh,Žitné halušky se zelím a tempehem,Hlavní jídla
357,https://fitrecepty.info/recepty/podle-kategorie/obedy-a-vecere/zitne-halusky-se-zelim-a-tempehem-362/,Tempeh,Žitné halušky se zelím a tempehem,Bezmasé
358,https://fitrecepty.info/recepty/podle-kategorie/obedy-a-vecere/zoodles-s-avokadovou-omackou-988/,Nudle,Zoodles s avokádovou omáčkou,"Omáčky, dipy"
359,https://fitrecepty.info/recepty/podle-kategorie/obedy-a-vecere/zoodles-s-avokadovou-omackou-988/,Omáčky,Zoodles s avokádovou omáčkou,Hlavní jídla
360,https://fitrecepty.info/recepty/podle-kategorie/obedy-a-vecere/zoodles-s-avokadovou-omackou-988/,Omáčky,Zoodles s avokádovou omáčkou,Bezmasé
361,https://fitrecepty.info/recepty/podle-kategorie/snidane/dynove-livance-s-podmaslim-985/,Moučníky,Dýňové lívance s podmáslím ,Dezerty
362,https://fitrecepty.info/recepty/podle-kategorie/snidane/dynove-livance-s-podmaslim-985/,Lívance,Dýňové lívance s podmáslím ,Snídaně
363,https://fitrecepty.info/recepty/podle-kategorie/snidane/cuketove-muffiny-s-fetou-590/,Muffiny,Cuketové muffiny s fetou,Dezerty
364,https://fitrecepty.info/recepty/podle-kategorie/snidane/cuketove-muffiny-s-fetou-590/,snacky,Cuketové muffiny s fetou,Snídaně
365,https://fitrecepty.info/recepty/podle-kategorie/snidane/cuketove-muffiny-s-fetou-590/,snacky,Cuketové muffiny s fetou,Snacky
366,https://fitrecepty.info/recepty/podle-kategorie/snidane/ovesna-kase-pres-noc-140/,Kaše,Ovesná kaše přes noc,Kaše
367,https://fitrecepty.info/recepty/podle-kategorie/snidane/ovesna-kase-pres-noc-140/,Kaše přes noc,Ovesná kaše přes noc,Snídaně
368,https://fitrecepty.info/recepty/podle-kategorie/napoje/boruvkove-smoothie-s-kaderavkem-15/,Osvěžení,Borůvkové smoothie s kadeřávkem,Smoothie
369,https://fitrecepty.info/recepty/podle-kategorie/napoje/boruvkove-smoothie-s-kaderavkem-15/,Smoothie,Borůvkové smoothie s kadeřávkem,Snídaně
370,https://fitrecepty.info/recepty/podle-kategorie/zdravemlsani/kvetakove-brownies-1126-1048/,Moučníky,Květákové brownies,Dezerty
371,https://fitrecepty.info/recepty/podle-kategorie/zdravemlsani/kvetakove-brownies-1126-1048/,Dezerty,Květákové brownies,Snacky
372,https://fitrecepty.info/recepty/podle-kategorie/zdravemlsani/mrkvovy-dort-592/,dorty,Mrkvový dort,Dezerty
373,https://fitrecepty.info/recepty/podle-kategorie/svaciny/bananova-presnidavka-833/,snacky,Banánová přesnídávka,Snídaně
374,https://fitrecepty.info/recepty/podle-kategorie/svaciny/bananova-presnidavka-833/,Přesnídávky,Banánová přesnídávka,Snacky
375,https://fitrecepty.info/recepty/podle-kategorie/svaciny/rychle-tunakove-toasty-119/,Toasty,Rychlé tuňákové toasty,Snacky
376,https://fitrecepty.info/recepty/podle-kategorie/svaciny/rychle-tunakove-toasty-119/,Toasty,Rychlé tuňákové toasty,Ryby
377,https://fitrecepty.info/recepty/podle-kategorie/obedy-a-vecere/testovinovy-salat-s-vajicky-1098/,Saláty,Těstovinový salát s vajíčky,Saláty
378,https://fitrecepty.info/recepty/podle-kategorie/obedy-a-vecere/testovinovy-salat-s-vajicky-1098/,Těstoviny,Těstovinový salát s vajíčky,Hlavní jídla
379,https://fitrecepty.info/recepty/podle-kategorie/obedy-a-vecere/testovinovy-salat-s-vajicky-1098/,Těstoviny,Těstovinový salát s vajíčky,Bezmasé
380,https://fitrecepty.info/recepty/podle-kategorie/obedy-a-vecere/krevetove-rizoto-572/,Rizoto,Krevetové rizoto,Mořské plody
381,https://fitrecepty.info/recepty/podle-kategorie/obedy-a-vecere/krevetove-rizoto-572/,Rizoto,Krevetové rizoto,Hlavní jídla
382,https://fitrecepty.info/recepty/podle-kategorie/salatyprilohy/cuketove-hranolky-251/,snacky,Cuketové hranolky,Snacky
383,https://fitrecepty.info/recepty/podle-kategorie/salatyprilohy/cuketove-hranolky-251/,Hranolky,Cuketové hranolky,Přílohy
384,https://fitrecepty.info/recepty/podle-kategorie/salatyprilohy/okurkovy-salat-1079/,Saláty,Okurkový salát ,Saláty
385,https://fitrecepty.info/recepty/podle-kategorie/salatyprilohy/okurkovy-salat-1079/,Okurkový salát,Okurkový salát ,Přílohy
386,https://fitrecepty.info/recepty/podle-kategorie/salatyprilohy/rychly-cizrnovy-salat-517/,Saláty,Rychlý cizrnový salát,Saláty
387,https://fitrecepty.info/recepty/podle-kategorie/salatyprilohy/rychly-cizrnovy-salat-517/,Cizrnový salát,Rychlý cizrnový salát,Luštěniny
388,https://fitrecepty.info/recepty/podle-kategorie/salatyprilohy/mrkvovy-salat-729/,Saláty,Mrkvový salát,Saláty
389,https://fitrecepty.info/recepty/podle-kategorie/salatyprilohy/mrkvovo-bramborova-kase-58/,Brambory,Mrkvovo-bramborová kaše,Přílohy
390,https://fitrecepty.info/recepty/podle-kategorie/vanocni/celozrnne-piskoty-959/,Cukroví,Celozrnné piškoty,Dezerty
391,https://fitrecepty.info/recepty/podle-kategorie/vanocni/celozrnne-piskoty-959/,snacky,Celozrnné piškoty,Snacky
392,https://fitrecepty.info/recepty/podle-kategorie/vanocni/spaldova-linecka-kolecka-1010/,Moučníky,Špaldová linecká kolečka,Dezerty
393,https://fitrecepty.info/recepty/podle-kategorie/vanocni/spaldova-linecka-kolecka-1010/,Dezerty,Špaldová linecká kolečka,Vánoce
394,https://fitrecepty.info/recepty/podle-kategorie/vanocni/palacinky-se-skorici-a-jablky-357/,Moučníky,Palačinky se skořicí a jablky,Dezerty
395,https://fitrecepty.info/recepty/podle-kategorie/vanocni/palacinky-se-skorici-a-jablky-357/,Dezerty,Palačinky se skořicí a jablky,Snídaně
396,https://fitrecepty.info/recepty/podle-kategorie/vanocni/kokosova-rolada-369/,Moučníky,Kokosová roláda,Dezerty
397,https://fitrecepty.info/recepty/podle-kategorie/vanocni/kokosova-rolada-369/,Dezerty,Kokosová roláda,Vánoce
398,https://fitrecepty.info/recepty/podle-kategorie/vanocni/liskooriskove-kulicky-ferrero-967/,Moučníky,Lískooříškové kuličky ,Dezerty
399,https://fitrecepty.info/recepty/podle-kategorie/vanocni/liskooriskove-kulicky-ferrero-967/,Kuličky,Lískooříškové kuličky ,Vánoce
400,https://fitrecepty.info/recepty/podle-kategorie/vanocni/linecky-kolac-374/,Moučníky,Linecký koláč,Dezerty
401,https://fitrecepty.info/recepty/podle-kategorie/vanocni/linecky-kolac-374/,Dezerty,Linecký koláč,Vánoce
402,https://fitrecepty.info/recepty/podle-kategorie/vanocni/vosi-hnizda-410/,Moučníky,Vosí hnízda,Dezerty
403,https://fitrecepty.info/recepty/podle-kategorie/vanocni/vosi-hnizda-410/,Dezerty,Vosí hnízda,Vánoce
404,https://fitrecepty.info/recepty/podle-kategorie/vanocni/vanilkove-rohlicky-z-pohankove-mouky-335/,Moučníky,Vanilkové rohlíčky z pohankové mouky,Dezerty
405,https://fitrecepty.info/recepty/podle-kategorie/vanocni/vanilkove-rohlicky-z-pohankove-mouky-335/,Dezerty,Vanilkové rohlíčky z pohankové mouky,Vánoce
406,https://fitrecepty.info/recepty/podle-kategorie/vanocni/celozrnna-vanocka-1219-1054/,Moučníky,Celozrnná vánočka,Vánoce
407,https://fitrecepty.info/recepty/podle-kategorie/vanocni/celozrnna-vanocka-1219-1054/,Dezerty,Celozrnná vánočka,Dezerty
408,https://fitrecepty.info/recepty/podle-kategorie/vanocni/vanilkove-rohlicky-1011/,Moučníky,Vanilkové rohlíčky,Vánoce
409,https://fitrecepty.info/recepty/podle-kategorie/vanocni/vanilkove-rohlicky-1011/,Dezerty,Vanilkové rohlíčky,Dezerty
410,https://fitrecepty.info/recepty/podle-kategorie/vanocni/nepecene-bananove-kulicky-930/,Moučníky,Nepečené banánové kuličky ,Vánoce
411,https://fitrecepty.info/recepty/podle-kategorie/vanocni/nepecene-bananove-kulicky-930/,Kuličky,Nepečené banánové kuličky ,Dezerty
412,https://fitrecepty.info/recepty/podle-kategorie/vanocni/zitne-pernicky-1217-1052/,Moučníky,Žitné perníčky,Vánoce
413,https://fitrecepty.info/recepty/podle-kategorie/vanocni/zitne-pernicky-1217-1052/,Dezerty,Žitné perníčky,Dezerty
414,https://fitrecepty.info/recepty/podle-kategorie/pomazanky/domaci-lucina-zakladni-recept-187/,Domácí lučina,Domácí lučina - základní recept,Pomazánky
415,https://fitrecepty.info/recepty/podle-kategorie/pomazanky/domaci-lucina-zakladni-recept-187/,Domácí,Domácí lučina - základní recept,Snacky
416,https://fitrecepty.info/recepty/podle-kategorie/pomazanky/avokadovy-dip-802/,snacky,Avokádový dip,"Omáčky, dipy"
417,https://fitrecepty.info/recepty/podle-kategorie/pomazanky/avokadovy-dip-802/,Dipy,Avokádový dip,Pomazánky
418,https://fitrecepty.info/recepty/podle-kategorie/pomazanky/avokadovy-dip-802/,Pomazánky,Avokádový dip,Snacky
419,https://fitrecepty.info/recepty/podle-kategorie/pomazanky/prepustene-maslo-ghee-210/,Domácí,Přepuštěné máslo (ghee),Pomazánky
420,https://fitrecepty.info/recepty/podle-kategorie/pomazanky/dip-z-arasidoveho-masla-656/,snacky,Dip z arašídového másla ,"Omáčky, dipy"
421,https://fitrecepty.info/recepty/podle-kategorie/pomazanky/dip-z-arasidoveho-masla-656/,Dipy,Dip z arašídového másla ,Snacky
422,https://fitrecepty.info/recepty/podle-kategorie/pomazanky/dip-z-arasidoveho-masla-656/,Pomazánky,Dip z arašídového másla ,Pomazánky
423,https://fitrecepty.info/recepty/podle-kategorie/vanocni/raffaello-kulicky-368/,Moučníky,Raffaello kuličky,Dezerty
424,https://fitrecepty.info/recepty/podle-kategorie/vanocni/raffaello-kulicky-368/,Kuličky,Raffaello kuličky,Vánoce
425,https://fitrecepty.info/recepty/podle-kategorie/vanocni/mandlova-kolecka-953/,Moučníky,Mandlová kolečka,Vánoce
426,https://fitrecepty.info/recepty/podle-kategorie/vanocni/mandlova-kolecka-953/,Dezerty,Mandlová kolečka,Dezerty
